sample_id,duration_sec,speaking_rate_chars_per_min,pitch_mean_hz,pitch_variation_hz,silence_ratio,long_pause_count,volume_mean_rms,volume_variation_rms,delivery_score
ckmk_d_ict_f_n_124775,76.72,244.0,264.6,101.5,0.202,2,0.0482,0.0434,55
ckmk_d_ict_f_n_124776,69.9,278.1,249.0,83.1,0.14,1,0.0522,0.0415,60
ckmk_d_ict_f_n_124777,61.0,251.8,260.4,92.1,0.202,1,0.0511,0.0437,60
ckmk_d_ict_f_n_124778,60.54,236.9,249.9,91.6,0.239,4,0.0465,0.0416,60
ckmk_d_ict_f_n_124780,76.76,278.3,253.0,89.4,0.166,1,0.0519,0.0431,55
ckmk_d_ict_f_n_124781,68.4,246.5,269.6,92.5,0.16,1,0.0506,0.0436,55
ckmk_d_ict_f_n_124782,80.85,261.2,263.8,86.2,0.151,0,0.0493,0.0414,50
ckmk_d_ict_f_n_148483,52.2,225.3,214.1,70.8,0.259,5,0.0422,0.0381,60
ckmk_d_ict_f_n_148484,71.34,257.4,220.8,68.0,0.206,3,0.0477,0.0413,55
ckmk_d_ict_f_n_148485,82.72,236.5,220.7,72.6,0.266,6,0.0432,0.0409,60
ckmk_d_ict_f_n_148486,65.82,252.5,227.8,75.9,0.229,4,0.0445,0.041,65
ckmk_d_ict_f_n_148487,66.75,220.2,218.3,71.7,0.304,6,0.0404,0.039,60
ckmk_d_ict_f_n_148488,77.98,237.8,217.1,69.3,0.268,7,0.0418,0.0407,65
ckmk_d_ict_f_n_148489,68.16,248.2,222.5,75.3,0.267,5,0.0422,0.0388,55
ckmk_d_ict_f_n_148490,62.79,260.9,228.8,72.6,0.223,5,0.0477,0.0415,55
ckmk_d_ict_f_n_148492,68.7,269.0,200.6,77.9,0.138,1,0.0501,0.0408,60
ckmk_d_ict_f_n_150233,26.65,355.7,231.1,47.5,0.14,0,0.0567,0.0427,55
ckmk_d_ict_f_n_150234,19.42,352.2,231.7,50.3,0.156,0,0.0673,0.0648,55
ckmk_d_ict_f_n_150235,21.08,313.1,243.9,58.5,0.217,0,0.0595,0.0528,50
ckmk_d_ict_f_n_150236,22.19,283.9,240.1,64.8,0.275,0,0.0522,0.0614,60
ckmk_d_ict_f_n_150237,23.7,316.5,240.4,67.4,0.207,1,0.0661,0.0703,55
ckmk_d_ict_f_n_150238,22.74,332.5,224.2,58.8,0.239,0,0.0557,0.0587,55
ckmk_d_ict_f_n_150239,21.0,265.7,225.2,72.6,0.38,1,0.0412,0.0518,55
ckmk_d_ict_f_n_150240,21.0,240.0,226.8,64.0,0.339,0,0.0488,0.0598,55
ckmk_d_ict_f_n_150241,23.26,291.5,242.6,72.3,0.242,0,0.0553,0.0561,55
ckmk_d_ict_f_n_150242,23.44,322.5,223.2,68.4,0.248,0,0.0564,0.0648,60
ckmk_d_ict_f_n_160663,47.88,270.7,230.2,75.8,0.118,0,0.0635,0.0515,55
ckmk_d_ict_f_n_160664,50.26,259.1,227.2,78.4,0.136,0,0.0563,0.0453,55
ckmk_d_ict_f_n_160665,55.64,290.1,245.9,82.9,0.102,0,0.0632,0.0501,55
ckmk_d_ict_f_n_160666,40.58,266.1,235.7,81.9,0.098,0,0.0567,0.0414,55
ckmk_d_ict_f_n_160667,65.72,280.3,232.5,78.0,0.084,0,0.0618,0.0466,50
ckmk_d_ict_f_n_160668,57.88,279.9,238.5,78.9,0.091,0,0.062,0.0477,60
ckmk_d_ict_f_n_160669,70.27,279.2,234.8,83.7,0.092,0,0.06,0.0463,60
ckmk_d_ict_f_n_160670,49.76,277.3,219.5,79.2,0.113,0,0.0518,0.0397,55
ckmk_d_ict_f_n_160671,43.18,264.0,230.4,89.6,0.153,1,0.0558,0.05,55
ckmk_d_ict_f_n_160672,45.42,280.1,229.2,80.4,0.116,0,0.0518,0.0389,75
ckmk_d_ict_f_n_160843,39.64,251.3,230.3,73.0,0.166,0,0.0463,0.0378,60
ckmk_d_ict_f_n_160844,42.57,260.7,239.9,74.3,0.102,0,0.0582,0.0463,55
ckmk_d_ict_f_n_160845,40.9,313.9,249.0,75.4,0.106,0,0.0577,0.0478,60
ckmk_d_ict_f_n_160846,39.44,273.8,242.9,78.8,0.16,0,0.065,0.0558,60
ckmk_d_ict_f_n_160847,52.2,258.6,234.8,77.9,0.097,0,0.0544,0.0437,55
ckmk_d_ict_f_n_160848,69.24,269.5,230.8,79.4,0.125,0,0.0645,0.0524,55
ckmk_d_ict_f_n_160849,64.18,263.6,225.0,75.7,0.125,1,0.0548,0.0478,55
ckmk_d_ict_f_n_160850,59.88,291.6,249.4,80.1,0.119,0,0.0614,0.051,50
ckmk_d_ict_f_n_160851,77.53,288.7,237.9,78.5,0.103,0,0.058,0.0475,55
ckmk_d_ict_f_n_160852,53.7,274.9,235.8,75.6,0.11,0,0.0605,0.0494,55
ckmk_d_ict_f_n_160953,78.42,192.8,188.6,56.6,0.321,5,0.0361,0.0365,75
ckmk_d_ict_f_n_161073,87.23,233.2,187.7,55.2,0.255,6,0.0444,0.0412,60
ckmk_d_ict_f_n_161074,80.9,226.9,184.2,47.3,0.262,4,0.0427,0.0385,70
ckmk_d_ict_f_n_161075,88.39,211.8,178.7,42.9,0.337,9,0.0368,0.0372,65
ckmk_d_ict_f_n_161077,84.65,224.7,179.8,44.7,0.323,8,0.0388,0.0373,60
ckmk_d_ict_f_n_161078,79.44,191.8,186.4,44.9,0.365,10,0.0353,0.039,60
ckmk_d_ict_f_n_161079,82.09,220.0,181.8,41.2,0.314,9,0.0375,0.0377,65
ckmk_d_ict_f_n_161080,80.1,194.8,189.1,48.6,0.367,7,0.0341,0.0367,60
ckmk_d_ict_f_n_161183,58.36,265.3,237.4,68.2,0.082,0,0.0474,0.0349,60
ckmk_d_ict_f_n_161184,53.24,267.1,229.9,69.2,0.103,0,0.0585,0.0443,75
ckmk_d_ict_f_n_161186,64.54,279.8,229.3,61.8,0.073,0,0.0602,0.044,55
ckmk_d_ict_f_n_161187,53.42,272.9,221.7,70.4,0.08,0,0.0547,0.044,55
ckmk_d_ict_f_n_161283,84.3,189.3,190.5,48.9,0.355,8,0.0359,0.0384,70
ckmk_d_ict_f_n_165173,66.33,213.5,209.4,80.9,0.233,4,0.0418,0.0409,55
ckmk_d_ict_f_n_165174,55.52,209.7,202.3,81.8,0.201,1,0.0476,0.054,60
ckmk_d_ict_f_n_165175,59.14,241.5,216.7,92.3,0.171,3,0.0403,0.0358,55
ckmk_d_ict_f_n_165176,63.41,224.3,228.7,103.6,0.185,1,0.0485,0.0486,60
ckmk_d_ict_f_n_165177,51.5,247.0,209.7,82.7,0.224,2,0.0437,0.0426,75
ckmk_d_ict_f_n_165178,41.1,223.4,211.9,84.5,0.204,1,0.0409,0.0419,65
ckmk_d_ict_f_n_165179,72.04,220.7,216.9,92.7,0.215,7,0.0443,0.0423,60
ckmk_d_ict_f_n_165180,76.84,222.5,215.5,82.7,0.198,3,0.0472,0.0447,55
ckmk_d_ict_f_n_165181,72.24,212.6,222.7,89.4,0.246,5,0.0409,0.0434,65
ckmk_d_ict_f_n_165182,69.3,233.8,214.2,89.5,0.19,3,0.0469,0.0442,55
ckmk_d_ict_f_n_174733,37.86,269.4,211.8,73.6,0.187,0,0.0524,0.0666,55
ckmk_d_ict_f_n_174734,83.68,237.3,197.9,75.6,0.203,3,0.0473,0.045,60
ckmk_d_ict_f_n_174735,81.71,280.5,214.2,82.0,0.127,1,0.0538,0.0515,60
ckmk_d_ict_f_n_174737,83.68,291.1,209.8,75.9,0.118,2,0.0579,0.0525,55
ckmk_d_ict_f_n_174738,55.59,258.0,185.6,71.0,0.148,1,0.0478,0.0459,60
ckmk_d_ict_f_n_174740,84.78,288.0,193.6,82.0,0.161,1,0.0501,0.0543,55
ckmk_d_ict_f_n_174741,57.61,285.4,185.6,70.7,0.168,1,0.0524,0.0598,60
ckmk_d_ict_f_n_174742,81.82,285.3,205.8,77.9,0.151,2,0.0545,0.054,55
ckmk_d_ict_f_n_175203,71.2,240.2,248.0,72.0,0.162,2,0.1109,0.0902,65
ckmk_d_ict_f_n_175204,85.2,263.4,242.3,72.7,0.129,3,0.1158,0.0913,55
ckmk_d_ict_f_n_175205,80.9,218.8,242.5,66.6,0.189,2,0.1052,0.0884,55
ckmk_d_ict_f_n_175206,84.66,251.6,256.0,75.7,0.088,0,0.117,0.0904,60
ckmk_d_ict_f_n_175207,74.73,242.5,262.9,77.5,0.149,1,0.1051,0.088,60
ckmk_d_ict_f_n_175208,79.06,252.7,246.0,75.8,0.137,1,0.1095,0.087,55
ckmk_d_ict_f_n_175210,82.58,253.6,247.6,74.9,0.139,1,0.1132,0.0922,55
ckmk_d_ict_f_n_175211,79.64,240.3,248.6,74.1,0.148,3,0.1084,0.0881,75
ckmk_d_ict_f_n_175212,83.14,267.7,245.0,69.9,0.127,0,0.1132,0.0888,50
ckmk_d_ict_f_n_176294,40.93,255.1,217.5,79.9,0.193,0,0.0316,0.0302,55
ckmk_d_ict_f_n_176295,79.18,284.2,239.9,90.7,0.123,1,0.0357,0.0288,60
ckmk_d_ict_f_n_176297,37.24,273.9,245.5,88.3,0.119,0,0.0356,0.0274,65
ckmk_d_ict_f_n_176298,78.34,284.1,222.6,84.0,0.132,1,0.0365,0.0303,60
ckmk_d_ict_f_n_176299,72.52,293.7,228.4,83.2,0.106,1,0.0348,0.0308,60
ckmk_d_ict_f_n_176300,63.38,287.8,218.6,79.0,0.104,1,0.0361,0.0303,60
ckmk_d_ict_f_n_176301,46.99,257.9,211.3,84.3,0.194,2,0.0322,0.0304,55
ckmk_d_ict_f_n_176302,61.95,286.7,227.4,86.7,0.139,2,0.0344,0.0297,55
ckmk_d_ict_f_n_177574,43.82,283.4,228.4,60.9,0.111,0,0.0556,0.0435,60
ckmk_d_ict_f_n_177575,37.98,276.5,240.2,72.9,0.156,1,0.0649,0.0511,60
ckmk_d_ict_f_n_177576,42.38,291.6,227.5,58.6,0.089,0,0.0624,0.0538,50
ckmk_d_ict_f_n_177577,50.61,273.9,215.9,45.8,0.052,0,0.0576,0.0385,60
ckmk_d_ict_f_n_177578,54.65,294.2,222.3,57.0,0.051,0,0.0633,0.0419,55
ckmk_d_ict_f_n_177579,41.46,266.3,229.7,55.5,0.142,1,0.0513,0.0408,60
ckmk_d_ict_f_n_177580,55.46,300.8,223.4,56.6,0.046,0,0.0535,0.0363,55
ckmk_d_ict_f_n_177581,52.2,300.0,223.8,65.6,0.06,0,0.0519,0.0352,60
ckmk_d_ict_f_n_177582,61.32,310.2,224.2,57.3,0.073,1,0.0601,0.0419,55
ckmk_d_ict_f_n_177773,47.44,294.7,224.9,56.5,0.064,0,0.0563,0.0371,60
ckmk_d_ict_f_n_177774,48.88,290.9,223.1,57.8,0.08,0,0.0596,0.0433,55
ckmk_d_ict_f_n_177775,43.28,274.5,215.3,53.5,0.06,0,0.0565,0.0383,55
ckmk_d_ict_f_n_177776,43.22,298.5,225.7,57.6,0.052,0,0.0536,0.0342,65
ckmk_d_ict_f_n_177777,49.58,250.5,222.0,60.2,0.134,0,0.0517,0.0392,60
ckmk_d_ict_f_n_177778,53.38,267.5,209.1,45.6,0.091,0,0.0571,0.0428,55
ckmk_d_ict_f_n_177779,46.56,260.3,210.5,51.9,0.063,0,0.0538,0.0379,60
ckmk_d_ict_f_n_177780,50.94,256.8,222.2,51.6,0.094,1,0.0519,0.0364,55
ckmk_d_ict_f_n_177781,49.72,276.3,222.3,58.2,0.069,0,0.0537,0.0371,55
ckmk_d_ict_f_n_177782,47.76,271.4,219.2,52.7,0.066,0,0.0583,0.0374,60
ckmk_d_ict_f_n_178103,41.7,287.8,224.6,50.8,0.128,0,0.0491,0.0349,60
ckmk_d_ict_f_n_178104,41.08,233.7,219.9,58.1,0.177,2,0.0527,0.0391,75
ckmk_d_ict_f_n_178105,51.58,273.4,224.2,55.5,0.082,1,0.0562,0.038,55
ckmk_d_ict_f_n_178106,48.73,294.3,225.5,60.7,0.092,0,0.0587,0.0417,55
ckmk_d_ict_f_n_178107,46.36,304.1,228.6,61.4,0.072,0,0.0572,0.0362,50
ckmk_d_ict_f_n_178108,51.47,303.1,224.7,56.6,0.06,0,0.0601,0.0389,55
ckmk_d_ict_f_n_178109,59.56,274.0,214.7,61.0,0.137,1,0.0588,0.0449,55
ckmk_d_ict_f_n_178110,53.38,295.6,218.2,57.1,0.14,2,0.0502,0.0413,55
ckmk_d_ict_f_n_178111,42.5,297.9,222.4,64.5,0.066,0,0.0539,0.0396,50
ckmk_d_ict_f_n_178112,51.04,261.0,220.0,63.0,0.14,1,0.053,0.04,55
ckmk_d_ict_f_n_178213,48.54,268.2,226.3,54.2,0.137,2,0.0552,0.0409,60
ckmk_d_ict_f_n_178214,40.06,302.5,222.4,57.4,0.117,1,0.05,0.0344,55
ckmk_d_ict_f_n_178215,43.62,293.0,226.6,62.6,0.08,0,0.0551,0.0371,60
ckmk_d_ict_f_n_178216,47.81,257.3,229.3,68.6,0.148,1,0.0527,0.0414,55
ckmk_d_ict_f_n_178217,48.92,310.3,220.1,52.8,0.046,0,0.0603,0.0388,60
ckmk_d_ict_f_n_178218,41.69,280.6,224.1,55.1,0.093,1,0.0531,0.0381,55
ckmk_d_ict_f_n_178219,63.84,238.7,216.1,57.2,0.14,3,0.0551,0.0425,55
ckmk_d_ict_f_n_178220,48.52,272.1,224.3,64.9,0.17,0,0.0482,0.0437,60
ckmk_d_ict_f_n_178221,52.72,283.4,214.6,56.4,0.127,0,0.0593,0.0477,55
ckmk_d_ict_f_n_178222,56.1,264.2,208.9,52.8,0.173,4,0.0514,0.043,55
ckmk_d_ict_f_n_178293,64.49,281.0,215.9,86.9,0.149,0,0.0521,0.0424,55
ckmk_d_ict_f_n_178294,51.56,268.8,217.9,80.3,0.145,1,0.0507,0.0416,55
ckmk_d_ict_f_n_178295,64.11,289.2,222.7,83.8,0.126,0,0.0525,0.0421,60
ckmk_d_ict_f_n_178296,76.93,294.0,218.9,85.2,0.139,0,0.0544,0.0456,60
ckmk_d_ict_f_n_178297,51.61,283.7,219.1,88.4,0.138,0,0.0502,0.0425,60
ckmk_d_ict_f_n_178298,51.32,256.0,209.3,87.2,0.161,0,0.0489,0.0413,55
ckmk_d_ict_f_n_180073,31.14,283.2,202.4,78.3,0.136,0,0.0616,0.0593,60
ckmk_d_ict_f_n_180074,33.28,319.1,192.1,70.8,0.061,0,0.0465,0.0311,55
ckmk_d_ict_f_n_180076,36.98,287.2,199.3,77.1,0.154,0,0.045,0.034,60
ckmk_d_ict_f_n_180077,33.88,302.8,198.5,74.3,0.113,0,0.045,0.0337,60
ckmk_d_ict_f_n_180078,47.08,291.8,189.4,62.4,0.185,2,0.0426,0.035,60
ckmk_d_ict_f_n_180079,32.2,273.9,193.3,63.2,0.166,0,0.0437,0.035,75
ckmk_d_ict_f_n_180080,36.44,250.3,199.9,78.8,0.21,0,0.0434,0.0399,60
ckmk_d_ict_f_n_180081,44.98,300.1,178.8,72.0,0.124,0,0.0435,0.0325,55
ckmk_d_ict_f_n_180082,35.95,318.8,204.8,76.8,0.095,0,0.048,0.0353,60
ckmk_d_ict_f_n_181213,62.84,221.5,231.8,108.6,0.128,1,0.048,0.0383,75
ckmk_d_ict_f_n_181214,69.3,243.3,225.8,92.4,0.074,0,0.0531,0.0367,60
ckmk_d_ict_f_n_181215,74.52,257.6,238.3,100.6,0.09,0,0.0566,0.0415,60
ckmk_d_ict_f_n_181216,76.22,248.0,245.7,104.1,0.115,0,0.0528,0.0408,55
ckmk_d_ict_f_n_181217,62.72,227.7,240.5,97.1,0.156,0,0.0514,0.0437,55
ckmk_d_ict_f_n_181218,80.18,213.3,232.7,103.1,0.137,0,0.0512,0.0405,55
ckmk_d_ict_f_n_181219,65.66,229.4,237.9,103.3,0.147,0,0.0502,0.0414,60
ckmk_d_ict_f_n_181363,80.12,232.9,233.2,102.6,0.115,0,0.0516,0.039,55
ckmk_d_ict_f_n_181364,70.51,214.4,250.5,117.3,0.187,0,0.049,0.0412,60
ckmk_d_ict_f_n_181365,67.28,236.3,241.7,105.2,0.141,0,0.0483,0.0377,50
ckmk_d_ict_f_n_184624,43.24,241.4,209.8,58.1,0.087,0,0.0503,0.0405,60
ckmk_d_ict_f_n_184625,50.7,246.2,213.3,53.1,0.124,0,0.0524,0.0438,60
ckmk_d_ict_f_n_184626,47.0,270.6,211.5,48.4,0.102,1,0.0538,0.0396,55
ckmk_d_ict_f_n_184627,55.75,259.4,210.2,55.4,0.145,0,0.0543,0.0421,60
ckmk_d_ict_f_n_184631,58.25,245.2,211.3,59.7,0.132,0,0.0537,0.0416,70
ckmk_d_ict_f_n_184632,44.22,257.8,213.8,52.2,0.098,1,0.0529,0.047,70
ckmk_d_ict_f_n_185033,45.68,257.4,218.2,54.0,0.122,0,0.0562,0.0402,60
ckmk_d_ict_f_n_185034,63.48,213.6,210.6,63.6,0.281,1,0.0467,0.0428,70
ckmk_d_ict_f_n_185035,55.82,263.3,212.6,51.8,0.094,1,0.0596,0.0411,55
ckmk_d_ict_f_n_185036,56.54,271.7,212.2,56.4,0.102,1,0.0594,0.0407,55
ckmk_d_ict_f_n_185037,49.64,265.9,215.6,52.2,0.056,0,0.0584,0.037,65
ckmk_d_ict_f_n_185038,46.78,245.0,205.9,40.9,0.114,0,0.0499,0.0356,60
ckmk_d_ict_f_n_185039,49.84,255.2,207.4,57.0,0.134,1,0.0489,0.0383,55
ckmk_d_ict_f_n_185040,64.42,273.8,205.8,48.3,0.07,0,0.0583,0.0378,60
ckmk_d_ict_f_n_185041,44.17,247.2,205.8,50.6,0.085,1,0.0516,0.0369,55
ckmk_d_ict_f_n_185042,58.86,267.1,208.5,51.6,0.11,0,0.0577,0.0419,60
ckmk_d_ict_f_n_185133,54.52,244.3,214.8,47.7,0.145,2,0.0556,0.0408,75
ckmk_d_ict_f_n_185134,55.06,262.6,213.9,49.8,0.043,0,0.0585,0.0365,55
ckmk_d_ict_f_n_185135,47.12,233.0,211.4,52.8,0.098,0,0.05,0.0353,75
ckmk_d_ict_f_n_185136,60.28,236.9,210.7,53.2,0.104,1,0.0537,0.0366,60
ckmk_d_ict_f_n_185137,61.76,261.3,208.2,60.1,0.115,1,0.052,0.0375,55
ckmk_d_ict_f_n_185138,47.9,245.5,214.9,58.6,0.13,0,0.0466,0.0332,65
ckmk_d_ict_f_n_185139,52.66,249.5,205.6,50.2,0.09,0,0.0543,0.037,60
ckmk_d_ict_f_n_185140,47.98,277.6,204.2,49.6,0.104,1,0.0512,0.0347,50
ckmk_d_ict_f_n_185141,44.2,260.6,211.0,54.5,0.095,0,0.0522,0.0348,60
ckmk_d_ict_f_n_185142,61.78,278.7,205.1,52.0,0.074,0,0.056,0.038,60
ckmk_d_ict_f_n_185243,49.64,246.6,210.3,57.0,0.096,0,0.0483,0.0354,75
ckmk_d_ict_f_n_185244,58.98,265.5,213.9,50.4,0.055,0,0.059,0.039,60
ckmk_d_ict_f_n_185245,57.88,264.3,206.1,55.5,0.059,0,0.0573,0.0386,55
ckmk_d_ict_f_n_185246,41.6,284.1,212.4,49.4,0.047,0,0.0538,0.0341,55
ckmk_d_ict_f_n_185247,50.46,256.8,214.7,53.3,0.081,0,0.0574,0.0394,60
ckmk_d_ict_f_n_185248,58.44,275.2,204.0,50.3,0.059,0,0.0495,0.032,55
ckmk_d_ict_f_n_185249,61.88,274.4,206.5,58.3,0.071,0,0.0588,0.0403,55
ckmk_d_ict_f_n_185250,43.58,278.1,205.1,56.6,0.057,0,0.0525,0.035,60
ckmk_d_ict_f_n_185251,56.39,240.5,209.2,60.4,0.125,0,0.0517,0.039,60
ckmk_d_ict_f_n_185252,51.76,229.5,207.0,57.4,0.152,1,0.0502,0.0374,70
ckmk_d_ict_f_n_190944,71.46,220.0,229.2,104.5,0.192,1,0.0379,0.0345,75
ckmk_d_ict_f_n_190945,61.0,232.1,226.7,101.1,0.158,0,0.0435,0.0384,75
ckmk_d_ict_f_n_190946,70.94,250.4,243.6,97.8,0.146,0,0.0446,0.0342,55
ckmk_d_ict_f_n_191123,37.05,285.0,207.6,58.9,0.13,0,0.0471,0.0354,55
ckmk_d_ict_f_n_191124,40.12,264.7,211.3,51.3,0.105,0,0.0495,0.0334,60
ckmk_d_ict_f_n_193073,76.84,299.8,216.6,63.7,0.113,0,0.1201,0.0743,60
ckmk_d_ict_f_n_193203,56.87,323.9,233.2,74.2,0.108,0,0.1208,0.0806,60
ckmk_d_ict_f_n_193204,68.21,304.4,225.0,64.3,0.147,0,0.1165,0.0776,60
ckmk_d_ict_f_n_194423,43.76,271.5,205.7,57.4,0.101,0,0.0543,0.0384,60
ckmk_d_ict_f_n_194424,45.32,264.8,209.4,43.7,0.046,0,0.056,0.0355,60
ckmk_d_ict_f_n_194553,41.22,278.0,205.3,48.0,0.078,0,0.0461,0.0339,50
ckmk_d_ict_f_n_194554,47.86,273.3,220.3,64.9,0.081,0,0.0537,0.0409,60
ckmk_d_ict_f_n_194555,48.54,244.7,204.5,57.5,0.101,0,0.0488,0.0374,55
ckmk_d_ict_f_n_194556,38.26,269.7,202.7,46.9,0.072,0,0.0492,0.0378,60
ckmk_d_ict_f_n_194557,34.82,258.5,206.9,56.4,0.147,0,0.044,0.0373,60
ckmk_d_ict_f_n_194558,39.24,259.9,212.9,57.7,0.074,0,0.0491,0.0372,50
ckmk_d_ict_f_n_194559,52.69,258.5,200.4,55.3,0.086,0,0.0574,0.0438,55
ckmk_d_ict_f_n_194560,43.32,263.2,214.2,56.9,0.063,0,0.0438,0.0311,60
ckmk_d_ict_f_n_194562,49.9,247.7,211.7,52.0,0.066,0,0.0494,0.036,60
ckmk_d_ict_f_n_194765,45.86,269.5,207.6,57.2,0.038,0,0.0461,0.0334,55
ckmk_d_ict_f_n_194766,36.12,269.1,200.7,46.2,0.119,0,0.047,0.0382,55
ckmk_d_ict_f_n_194767,53.48,265.9,208.5,48.7,0.056,0,0.0537,0.0392,55
ckmk_d_ict_f_n_194768,37.16,235.7,202.2,48.1,0.129,0,0.0474,0.0368,60
ckmk_d_ict_f_n_194769,44.8,294.6,204.5,55.6,0.061,0,0.0451,0.0377,55
ckmk_d_ict_f_n_194770,40.71,302.1,203.8,49.3,0.069,0,0.0506,0.038,45
ckmk_d_ict_f_n_195393,87.34,241.8,252.0,96.1,0.234,5,0.0467,0.0439,55
ckmk_d_ict_f_n_195394,85.53,250.4,219.0,83.9,0.254,4,0.0449,0.0444,60
ckmk_d_ict_f_n_195395,74.8,259.9,227.4,92.1,0.178,2,0.0468,0.0412,60
ckmk_d_ict_f_n_195396,84.52,266.9,236.6,90.7,0.217,5,0.0475,0.0436,55
ckmk_d_ict_f_n_195397,84.74,267.6,227.1,85.5,0.212,5,0.048,0.0433,60
ckmk_d_ict_f_n_195398,84.36,280.9,236.1,88.2,0.199,4,0.0499,0.0409,60
ckmk_d_ict_f_n_195399,79.34,259.4,233.0,91.2,0.222,5,0.0465,0.0437,60
ckmk_d_ict_f_n_195400,70.6,280.5,229.9,90.6,0.168,2,0.0544,0.0459,60
ckmk_d_ict_f_n_195401,79.76,271.6,238.0,83.2,0.178,3,0.0521,0.0446,55
ckmk_d_ict_f_n_195402,80.66,260.4,238.2,92.7,0.209,2,0.0421,0.0411,55
ckmk_d_ict_f_n_197273,52.0,250.4,212.4,65.7,0.097,0,0.0541,0.0409,60
ckmk_d_ict_f_n_197274,47.76,247.5,215.3,59.1,0.095,0,0.0503,0.0386,55
ckmk_d_ict_f_n_197275,53.64,234.9,213.8,63.4,0.09,1,0.0524,0.0399,75
ckmk_d_ict_f_n_197276,51.66,233.4,212.5,62.1,0.132,0,0.0667,0.0622,55
ckmk_d_ict_f_n_197277,60.92,301.4,207.8,55.9,0.049,0,0.0558,0.0401,55
ckmk_d_ict_f_n_197278,54.2,267.9,208.8,52.8,0.035,0,0.0591,0.041,60
ckmk_d_ict_f_n_197279,48.83,258.0,214.6,63.1,0.086,0,0.0512,0.0395,60
ckmk_d_ict_f_n_197280,43.22,269.3,206.4,55.5,0.119,1,0.0553,0.0469,55
ckmk_d_ict_f_n_197281,43.99,274.2,217.7,50.9,0.067,0,0.0554,0.0386,65
ckmk_d_ict_f_n_197282,43.83,246.4,215.7,65.9,0.099,0,0.0504,0.0399,60
ckmk_d_ict_f_n_204733,40.94,246.2,207.4,47.1,0.097,0,0.0449,0.0324,75
ckmk_d_ict_f_n_204734,46.12,282.3,214.5,56.3,0.074,0,0.0576,0.0428,60
ckmk_d_ict_f_n_204735,50.68,264.0,213.9,68.6,0.122,0,0.048,0.0429,55
ckmk_d_ict_f_n_204736,54.59,250.6,211.6,60.2,0.126,1,0.0517,0.0418,60
ckmk_d_ict_f_n_204737,55.65,249.1,214.3,57.7,0.117,1,0.0563,0.0411,55
ckmk_d_ict_f_n_204738,34.22,259.5,217.9,61.9,0.105,0,0.0469,0.0348,55
ckmk_d_ict_f_n_204739,43.45,267.9,207.1,47.3,0.104,1,0.0526,0.0376,55
ckmk_d_ict_f_n_204740,49.16,260.0,220.9,52.5,0.07,1,0.0586,0.0405,60
ckmk_d_ict_f_n_204741,42.84,259.1,203.1,48.4,0.109,1,0.0551,0.0421,55
ckmk_d_ict_f_n_204742,36.9,247.2,213.1,57.5,0.141,1,0.0452,0.0365,55
ckmk_d_ict_f_n_204833,44.64,256.7,220.2,63.0,0.115,1,0.0438,0.04,55
ckmk_d_ict_f_n_204834,42.66,279.9,211.8,62.5,0.122,1,0.0496,0.0403,55
ckmk_d_ict_f_n_204835,39.6,236.4,205.8,52.0,0.113,1,0.0472,0.0366,55
ckmk_d_ict_f_n_204836,43.96,258.0,217.2,64.2,0.094,0,0.0534,0.04,55
ckmk_d_ict_f_n_204837,43.2,266.7,210.9,60.5,0.108,0,0.0489,0.0409,60
ckmk_d_ict_f_n_204838,33.88,281.6,208.6,63.2,0.089,0,0.0464,0.0353,55
ckmk_d_ict_f_n_204839,60.84,263.3,204.1,62.9,0.137,3,0.0493,0.0419,60
ckmk_d_ict_f_n_204840,37.96,278.2,210.1,49.7,0.065,0,0.0536,0.0378,55
ckmk_d_ict_f_n_204841,50.56,248.0,212.5,57.8,0.163,1,0.0477,0.0378,55
ckmk_d_ict_f_n_204842,41.22,267.8,208.7,55.6,0.047,0,0.0493,0.0354,60
ckmk_d_ict_f_n_217633,79.52,294.3,225.5,68.9,0.111,0,0.0368,0.0269,55
ckmk_d_ict_f_n_217634,72.27,260.7,231.3,65.5,0.16,1,0.0351,0.0279,55
ckmk_d_ict_f_n_218544,47.52,294.2,226.4,65.7,0.086,0,0.0565,0.0383,55
ckmk_d_ict_f_n_218546,40.75,275.3,223.6,59.1,0.104,0,0.0513,0.0339,60
ckmk_d_ict_f_n_218548,49.82,268.6,218.7,56.5,0.065,0,0.0543,0.0377,55
ckmk_d_ict_f_n_218549,46.56,243.6,216.4,69.6,0.109,1,0.0488,0.0352,55
ckmk_d_ict_f_n_218552,43.3,232.8,229.6,63.5,0.149,1,0.0462,0.034,60
ckmk_d_ict_f_n_219123,51.72,251.7,222.3,71.0,0.057,0,0.0516,0.035,55
ckmk_d_ict_f_n_219124,39.48,253.8,233.8,70.0,0.132,0,0.0475,0.0332,55
ckmk_d_ict_f_n_219125,42.06,234.0,238.1,63.8,0.172,1,0.0492,0.0379,55
ckmk_d_ict_f_n_219126,40.6,263.1,225.9,59.6,0.057,0,0.052,0.034,60
ckmk_d_ict_f_n_219127,42.5,252.7,227.1,61.0,0.103,0,0.049,0.0339,55
ckmk_d_ict_f_n_219128,44.85,260.9,232.8,60.0,0.11,1,0.0463,0.0343,55
ckmk_d_ict_f_n_221083,38.41,298.4,242.8,56.8,0.146,0,0.0568,0.0484,55
ckmk_d_ict_f_n_221091,30.12,312.7,246.3,61.5,0.179,0,0.0518,0.0437,60
ckmk_d_ict_f_n_221092,37.72,270.4,248.7,62.0,0.227,2,0.0519,0.0468,60
ckmk_d_ict_f_n_221293,47.24,271.8,240.9,64.1,0.179,0,0.0558,0.0509,60
ckmk_d_ict_f_n_221294,52.88,316.6,231.8,60.6,0.161,0,0.0592,0.0539,50
ckmk_d_ict_f_n_221295,32.87,288.4,235.5,53.8,0.208,0,0.059,0.0566,55
ckmk_d_ict_f_n_221296,45.03,259.8,239.4,62.3,0.171,1,0.0605,0.0582,60
ckmk_d_ict_f_n_221297,41.98,307.3,231.2,57.0,0.137,0,0.0622,0.0558,50
ckmk_d_ict_f_n_221298,32.48,271.6,248.1,63.2,0.151,0,0.0624,0.0539,60
ckmk_d_ict_f_n_221299,50.16,283.5,234.5,58.3,0.213,1,0.0562,0.056,55
ckmk_d_ict_f_n_221300,38.59,283.0,240.5,59.4,0.172,0,0.0625,0.0592,50
ckmk_d_ict_f_n_221302,44.02,313.5,250.7,68.3,0.165,0,0.0538,0.0536,55
ckmk_d_ict_f_n_223443,88.52,235.9,182.8,76.8,0.162,4,0.0446,0.0349,60
ckmk_d_ict_f_n_223444,85.56,237.0,180.7,70.8,0.183,3,0.0447,0.0375,55
ckmk_d_ict_f_n_223445,81.36,244.1,177.2,61.6,0.137,1,0.042,0.0323,50
ckmk_d_ict_f_n_223446,91.16,257.3,177.8,56.3,0.106,0,0.0503,0.0356,55
ckmk_d_ict_f_n_223447,88.7,233.4,176.8,57.3,0.151,3,0.0466,0.0345,50
ckmk_d_ict_f_n_223448,89.3,249.3,178.9,67.3,0.143,2,0.0452,0.0341,55
ckmk_d_ict_f_n_229153,61.2,305.9,197.3,84.7,0.113,0,0.0492,0.0381,60
ckmk_d_ict_f_n_229154,53.88,289.5,199.1,80.4,0.132,0,0.0437,0.0373,60
ckmk_d_ict_f_n_229155,57.68,273.6,192.9,80.6,0.086,0,0.046,0.0364,60
ckmk_d_ict_f_n_229156,55.37,314.2,192.1,79.6,0.055,0,0.0501,0.0357,60
ckmk_d_ict_f_n_229157,57.4,269.7,191.0,82.3,0.116,0,0.044,0.0378,60
ckmk_d_ict_f_n_229158,58.61,298.9,196.3,79.0,0.094,0,0.0485,0.0368,55
ckmk_d_ict_f_n_229159,53.51,319.6,193.6,82.6,0.082,0,0.0501,0.0363,55
ckmk_d_ict_f_n_229160,60.82,274.3,191.0,82.6,0.105,0,0.0471,0.0353,55
ckmk_d_ict_f_n_229161,56.44,282.8,197.9,87.1,0.122,0,0.0456,0.038,75
ckmk_d_ict_f_n_229162,55.79,269.9,199.1,89.6,0.13,0,0.0463,0.0367,55
ckmk_d_ict_f_n_230493,94.46,219.8,229.5,65.3,0.23,4,0.0237,0.0208,60
ckmk_d_ict_f_n_230494,103.56,275.2,230.7,64.9,0.202,3,0.0247,0.0197,60
ckmk_d_ict_f_n_230496,74.68,287.6,236.4,58.2,0.119,1,0.0267,0.0178,60
ckmk_d_ict_f_n_230497,40.94,262.3,240.7,59.7,0.157,0,0.0259,0.0197,75
ckmk_d_ict_f_n_230498,84.94,285.4,221.1,56.7,0.143,3,0.0265,0.0186,55
ckmk_d_ict_f_n_230502,105.72,277.5,238.6,67.1,0.154,3,0.0272,0.0195,55
ckmk_d_ict_f_n_233633,52.68,247.2,208.3,75.3,0.171,1,0.0478,0.0454,55
ckmk_d_ict_f_n_233634,48.25,258.7,213.6,70.0,0.186,1,0.0457,0.0401,75
ckmk_d_ict_f_n_233635,64.67,290.4,211.3,80.3,0.142,2,0.0529,0.046,60
ckmk_d_ict_f_n_233636,60.08,261.7,222.8,72.4,0.18,3,0.0488,0.042,55
ckmk_d_ict_f_n_233637,42.7,274.0,219.4,69.7,0.151,1,0.0455,0.0375,55
ckmk_d_ict_f_n_233873,39.72,281.0,220.7,76.5,0.125,0,0.0497,0.0392,55
ckmk_d_ict_f_n_233874,57.24,263.1,221.5,73.6,0.175,0,0.0484,0.0417,75
ckmk_d_ict_f_n_235943,105.06,248.4,198.4,79.0,0.12,2,0.0553,0.0417,60
ckmk_d_ict_f_n_236583,66.31,295.9,220.7,62.3,0.104,0,0.0574,0.0474,60
ckmk_d_ict_f_n_236584,58.47,301.7,215.3,58.1,0.091,0,0.0537,0.0441,55
ckmk_d_ict_f_n_236585,94.9,317.4,217.9,60.3,0.084,0,0.0647,0.0553,50
ckmk_d_ict_f_n_236633,47.64,317.4,211.7,57.0,0.101,0,0.0616,0.047,50
ckmk_d_ict_f_n_236634,116.26,320.0,210.5,57.5,0.097,1,0.0614,0.0449,60
ckmk_d_ict_f_n_236635,84.52,327.3,212.5,55.7,0.077,0,0.0632,0.0481,60
ckmk_d_ict_f_n_236636,93.78,293.0,225.5,62.8,0.084,0,0.0614,0.0457,55
ckmk_d_ict_f_n_236637,86.16,314.1,216.5,60.2,0.096,0,0.0623,0.0522,55
ckmk_d_ict_f_n_236638,56.88,302.7,218.6,59.7,0.1,0,0.0657,0.0558,55
ckmk_d_ict_f_n_236639,78.55,288.0,211.6,59.0,0.104,0,0.0579,0.0473,60
ckmk_d_ict_f_n_236640,52.72,303.9,212.1,60.3,0.1,0,0.0533,0.0412,60
ckmk_d_ict_f_n_236641,72.77,297.7,214.7,59.4,0.097,0,0.0635,0.0521,50
ckmk_d_ict_f_n_236642,49.92,305.3,218.0,58.5,0.118,0,0.0685,0.0684,60
ckmk_d_ict_f_n_241653,76.64,259.1,221.4,78.3,0.166,1,0.0544,0.0411,50
ckmk_d_ict_f_n_241654,107.8,243.8,225.0,84.0,0.146,2,0.0546,0.0413,55
ckmk_d_ict_f_n_241655,63.2,228.8,230.9,81.7,0.15,1,0.0541,0.0463,55
ckmk_d_ict_f_n_241657,90.3,267.8,238.7,83.6,0.112,0,0.0547,0.0377,55
ckmk_d_ict_f_n_241659,78.86,247.3,228.3,86.3,0.143,0,0.0665,0.0604,55
ckmk_d_ict_f_n_241660,60.58,242.7,235.1,83.1,0.166,0,0.0479,0.0378,55
ckmk_d_ict_f_n_241661,96.32,261.0,231.2,82.8,0.124,0,0.0573,0.0412,50
ckmk_d_ict_f_n_241662,69.58,263.0,220.1,78.9,0.09,0,0.0536,0.0378,50
ckmk_d_ict_f_n_242073,48.88,244.3,211.5,72.9,0.229,3,0.0446,0.0433,60
ckmk_d_ict_f_n_242074,44.37,232.6,216.8,74.7,0.21,2,0.0443,0.0402,65
ckmk_d_ict_f_n_242075,48.69,251.4,221.7,75.5,0.185,3,0.047,0.0422,60
ckmk_d_ict_f_n_242076,50.85,240.7,225.3,79.2,0.212,3,0.0446,0.0421,70
ckmk_d_ict_f_n_242077,39.2,235.7,209.2,69.8,0.193,1,0.0431,0.0414,55
ckmk_d_ict_f_n_244313,49.97,258.2,209.3,55.2,0.123,0,0.0552,0.0446,60
ckmk_d_ict_f_n_244314,50.6,276.3,222.4,61.5,0.049,0,0.0617,0.043,55
ckmk_d_ict_f_n_244316,37.82,258.6,212.9,53.8,0.055,0,0.0511,0.0366,60
ckmk_d_ict_f_n_244317,47.2,291.1,218.0,59.0,0.044,0,0.0691,0.0534,60
ckmk_d_ict_f_n_244319,52.38,274.9,211.1,54.5,0.092,1,0.0539,0.0404,55
ckmk_d_ict_f_n_244320,46.6,285.8,217.1,58.5,0.092,1,0.0539,0.0418,60
ckmk_d_ict_f_n_244321,52.26,288.2,209.8,51.4,0.069,0,0.0519,0.0351,60
ckmk_d_ict_f_n_244993,37.58,260.2,212.3,66.8,0.088,0,0.0456,0.0355,65
ckmk_d_ict_f_n_244994,41.58,259.7,213.8,67.1,0.09,0,0.0512,0.04,50
ckmk_d_ict_f_n_244995,47.28,247.5,218.4,65.2,0.142,0,0.0499,0.0412,55
ckmk_d_ict_f_n_244996,52.36,259.0,206.9,55.2,0.084,0,0.057,0.0394,60
ckmk_d_ict_f_n_244997,58.28,280.0,209.3,59.9,0.067,0,0.0591,0.0408,60
ckmk_d_ict_f_n_244998,48.19,254.0,209.9,57.4,0.066,0,0.0497,0.0357,60
ckmk_d_ict_f_n_244999,46.2,264.9,215.6,69.4,0.102,0,0.0509,0.0381,60
ckmk_d_ict_f_n_245000,68.24,271.7,221.0,60.7,0.064,0,0.0515,0.0368,55
ckmk_d_ict_f_n_245001,47.14,273.7,217.3,66.0,0.128,0,0.0492,0.0403,55
ckmk_d_ict_f_n_245193,38.82,245.7,221.1,63.1,0.086,0,0.0446,0.0322,60
ckmk_d_ict_f_n_248043,59.61,252.6,197.5,88.9,0.169,0,0.0438,0.0375,60
ckmk_d_ict_f_n_248044,63.93,264.7,191.4,90.2,0.122,1,0.048,0.0388,55
ckmk_d_ict_f_n_248045,52.94,245.9,196.2,86.1,0.186,0,0.0414,0.0352,75
ckmk_d_ict_f_n_248046,60.15,259.4,191.9,93.7,0.164,0,0.0408,0.035,75
ckmk_d_ict_f_n_248047,62.97,247.7,195.3,91.4,0.218,2,0.0425,0.0411,55
ckmk_d_ict_f_n_248048,59.68,253.4,196.9,91.5,0.155,0,0.0456,0.0381,60
ckmk_d_ict_f_n_248049,55.79,250.6,199.2,96.5,0.208,1,0.0401,0.0368,55
ckmk_d_ict_f_n_248050,60.12,240.5,205.0,107.6,0.191,1,0.0373,0.0327,75
ckmk_d_ict_f_n_248051,52.78,246.7,200.9,95.6,0.159,1,0.0469,0.043,75
ckmk_d_ict_f_n_248052,63.18,236.5,196.9,93.8,0.174,0,0.0438,0.0374,70
ckmk_d_ict_f_n_248123,69.24,228.8,239.4,88.3,0.148,0,0.0456,0.0401,55
ckmk_d_ict_f_n_248124,87.5,282.5,234.7,85.7,0.118,0,0.0511,0.0401,50
ckmk_d_ict_f_n_248125,69.98,219.5,239.6,87.5,0.166,1,0.0479,0.0426,55
ckmk_d_ict_f_n_248126,85.34,273.5,255.3,83.8,0.123,0,0.0558,0.0454,60
ckmk_d_ict_f_n_248127,102.5,242.9,250.3,83.2,0.134,2,0.0503,0.0435,50
ckmk_d_ict_f_n_248128,83.88,251.8,260.5,89.8,0.152,0,0.052,0.0451,50
ckmk_d_ict_f_n_248129,105.82,246.6,251.3,84.8,0.197,1,0.0475,0.0458,50
ckmk_d_ict_f_n_248130,76.98,254.1,249.2,86.9,0.131,0,0.0508,0.0434,40
ckmk_d_ict_f_n_248131,60.32,264.6,252.1,86.0,0.124,0,0.0489,0.0417,55
ckmk_d_ict_f_n_248132,94.4,249.2,243.6,84.1,0.154,1,0.0493,0.0413,55
ckmk_d_ict_f_n_250393,120.22,261.5,202.8,89.0,0.103,0,0.046,0.0361,55
ckmk_d_ict_f_n_250394,116.4,250.5,199.5,85.3,0.124,0,0.0498,0.0407,60
ckmk_d_ict_f_n_250395,116.24,270.0,205.1,83.5,0.1,0,0.0486,0.0383,55
ckmk_d_ict_f_n_250396,120.73,274.8,213.2,91.8,0.106,0,0.0495,0.0384,60
ckmk_d_ict_f_n_250397,120.4,274.6,206.0,88.8,0.095,0,0.0542,0.041,55
ckmk_d_ict_f_n_250398,120.24,267.0,206.8,88.9,0.128,0,0.0482,0.0429,55
ckmk_d_ict_f_n_250399,116.2,274.7,208.8,83.1,0.11,0,0.0536,0.0424,60
ckmk_d_ict_f_n_250400,119.1,248.4,196.6,83.5,0.123,0,0.0477,0.0424,55
ckmk_d_ict_f_n_250401,118.84,250.9,213.6,86.1,0.128,0,0.0477,0.0392,55
ckmk_d_ict_f_n_251834,43.76,270.1,206.0,61.7,0.05,0,0.0523,0.0345,55
ckmk_d_ict_f_n_251835,47.41,248.0,217.5,73.5,0.113,1,0.0443,0.0345,60
ckmk_d_ict_f_n_251836,44.38,246.1,215.8,72.4,0.139,2,0.042,0.0326,60
ckmk_d_ict_f_n_251837,59.56,231.7,220.0,70.5,0.142,1,0.0478,0.0374,75
ckmk_d_ict_f_n_251839,36.84,218.2,218.2,73.4,0.187,1,0.0397,0.0341,60
ckmk_d_ict_f_n_251840,42.36,257.8,218.6,70.1,0.14,1,0.0418,0.0324,60
ckmk_d_ict_f_n_251841,46.96,269.6,215.6,69.5,0.128,1,0.0438,0.034,55
ckmk_d_ict_f_n_251842,40.0,207.0,222.6,73.1,0.199,1,0.0354,0.0335,65
ckmk_d_ict_f_n_257353,57.78,236.8,237.9,90.6,0.199,3,0.0456,0.0423,60
ckmk_d_ict_f_n_257354,53.7,214.5,244.7,88.3,0.197,1,0.0479,0.0544,60
ckmk_d_ict_f_n_257355,74.92,213.8,238.4,86.2,0.207,4,0.0444,0.0397,55
ckmk_d_ict_f_n_257356,48.52,222.6,235.2,81.8,0.234,3,0.048,0.0501,60
ckmk_d_ict_f_n_257357,54.41,253.6,237.4,82.9,0.157,0,0.053,0.0504,60
ckmk_d_ict_f_n_257358,55.86,276.0,248.8,84.3,0.149,1,0.0485,0.0461,50
ckmk_d_ict_f_n_257359,78.89,263.2,234.8,79.1,0.168,2,0.0513,0.0453,55
ckmk_d_ict_f_n_257360,44.19,251.2,248.3,83.8,0.12,0,0.0462,0.0388,55
ckmk_d_ict_f_n_257361,94.07,247.5,248.7,82.3,0.138,0,0.049,0.0385,55
ckmk_d_ict_f_n_257362,83.47,296.2,251.1,84.7,0.12,0,0.0491,0.045,55
ckmk_d_ict_f_n_257523,94.81,254.4,242.1,85.7,0.156,1,0.051,0.047,60
ckmk_d_ict_f_n_257524,70.22,233.3,261.8,88.9,0.221,4,0.0469,0.0492,60
ckmk_d_ict_f_n_257525,80.18,285.1,260.5,88.0,0.094,0,0.051,0.0404,50
ckmk_d_ict_f_n_257526,87.1,221.1,247.0,92.9,0.179,1,0.0464,0.0446,60
ckmk_d_ict_f_n_257527,56.94,267.7,252.5,85.6,0.192,4,0.0466,0.0449,60
ckmk_d_ict_f_n_257528,73.34,287.2,261.4,87.9,0.154,3,0.0483,0.045,60
ckmk_d_ict_f_n_257529,64.34,283.5,262.3,83.8,0.095,0,0.0535,0.0455,55
ckmk_d_ict_f_n_257530,75.63,255.5,263.1,85.4,0.165,2,0.0536,0.0485,60
ckmk_d_ict_f_n_257531,64.2,256.1,255.7,82.6,0.159,1,0.0534,0.0514,60
ckmk_d_ict_f_n_257532,46.41,287.0,264.2,86.5,0.102,0,0.0494,0.0415,60
ckmk_d_ict_f_n_257783,113.16,147.4,218.2,60.6,0.441,18,0.033,0.0408,50
ckmk_d_ict_f_n_257784,117.36,153.9,225.6,62.8,0.412,18,0.0374,0.0459,55
ckmk_d_ict_f_n_257785,118.99,159.8,218.4,56.5,0.403,17,0.036,0.0427,55
ckmk_d_ict_f_n_257788,114.36,166.3,228.8,58.4,0.365,15,0.0385,0.0438,60
ckmk_d_ict_f_n_257789,118.73,161.7,216.3,58.1,0.442,20,0.0369,0.0468,50
ckmk_d_ict_f_n_257790,117.22,167.9,223.7,56.3,0.377,16,0.0394,0.0435,55
ckmk_d_ict_f_n_257791,114.21,156.6,223.1,62.0,0.431,17,0.0353,0.0437,50
ckmk_d_ict_f_n_257792,112.02,162.3,224.0,53.2,0.391,18,0.0379,0.0433,50
ckmk_d_ict_f_n_260363,73.04,276.8,225.8,71.3,0.156,0,0.0566,0.048,60
ckmk_d_ict_f_n_260364,79.28,230.1,224.0,79.8,0.233,3,0.0523,0.0522,55
ckmk_d_ict_f_n_260365,70.8,250.0,226.8,74.8,0.201,0,0.0533,0.0478,50
ckmk_d_ict_f_n_260366,71.86,256.3,225.3,74.7,0.199,1,0.0521,0.0476,50
ckmk_d_ict_f_n_260367,51.02,263.4,214.8,73.1,0.231,1,0.0508,0.05,60
ckmk_d_ict_f_n_260368,68.18,257.0,212.5,75.6,0.225,3,0.0456,0.0444,55
ckmk_d_ict_f_n_260369,68.25,242.6,219.4,71.1,0.227,3,0.0451,0.0447,55
ckmk_d_ict_f_n_260370,66.8,255.1,223.2,76.4,0.232,2,0.0473,0.0472,55
ckmk_d_ict_f_n_260371,63.17,233.7,223.0,77.6,0.26,3,0.0424,0.0443,60
ckmk_d_ict_f_n_260372,76.02,247.8,219.8,62.8,0.22,3,0.0597,0.055,55
ckmk_d_ict_f_n_265103,96.13,266.5,236.4,69.3,0.147,1,0.0583,0.0486,60
ckmk_d_ict_f_n_265104,83.64,266.9,238.9,66.0,0.114,0,0.061,0.0464,50
ckmk_d_ict_f_n_265105,84.25,264.9,243.0,67.7,0.15,1,0.0534,0.0422,60
ckmk_d_ict_f_n_265106,86.18,268.0,237.0,68.8,0.14,0,0.0586,0.0467,55
ckmk_d_ict_f_n_265107,85.22,316.1,235.1,55.9,0.103,0,0.0617,0.0456,50
ckmk_d_ict_f_n_265108,83.16,249.6,225.1,60.0,0.149,0,0.0584,0.0462,60
ckmk_d_ict_f_n_265293,37.26,256.0,218.9,69.3,0.119,0,0.0484,0.0394,55
ckmk_d_ict_f_n_265294,40.5,229.6,229.8,70.2,0.093,0,0.0434,0.0373,55
ckmk_d_ict_f_n_265297,46.19,237.7,226.3,70.1,0.155,0,0.0381,0.0362,75
ckmk_d_ict_f_n_265298,44.86,242.1,233.3,73.4,0.095,0,0.0444,0.0374,60
ckmk_d_ict_f_n_265299,47.18,263.2,229.6,66.2,0.105,1,0.0426,0.0378,75
ckmk_d_ict_f_n_265300,42.22,235.9,232.5,67.6,0.172,0,0.0424,0.0373,70
ckmk_d_ict_f_n_265301,40.12,251.2,229.1,65.2,0.052,0,0.0435,0.0357,60
ckmk_d_ict_f_n_265302,39.31,225.9,229.2,73.9,0.151,0,0.0401,0.0371,60
ckmk_d_ict_f_n_265403,63.68,244.0,209.1,70.9,0.125,1,0.0466,0.0392,55
ckmk_d_ict_f_n_265404,53.7,224.6,221.5,71.4,0.08,0,0.0456,0.0365,55
ckmk_d_ict_f_n_265405,46.64,247.0,218.8,68.8,0.165,3,0.0377,0.0335,55
ckmk_d_ict_f_n_265406,49.82,268.6,219.1,69.0,0.083,0,0.046,0.036,60
ckmk_d_ict_f_n_265407,38.16,240.6,229.2,66.1,0.087,0,0.0471,0.0363,60
ckmk_d_ict_f_n_265408,38.78,229.0,223.8,78.9,0.1,0,0.0417,0.0336,60
ckmk_d_ict_f_n_265410,35.44,259.0,217.6,60.9,0.055,0,0.0467,0.0332,60
ckmk_d_ict_f_n_265411,43.96,247.0,231.8,72.5,0.116,1,0.0417,0.0332,60
ckmk_d_ict_f_n_265412,48.87,248.0,218.5,64.8,0.1,0,0.0431,0.0351,55
ckmk_d_ict_f_n_265573,62.25,99.3,198.5,69.8,0.473,13,0.0269,0.0341,50
ckmk_d_ict_f_n_265574,77.18,106.5,198.5,73.3,0.478,14,0.027,0.0363,60
ckmk_d_ict_f_n_265575,68.6,112.8,200.7,65.9,0.407,11,0.0359,0.0431,55
ckmk_d_ict_f_n_265576,56.96,110.6,220.6,88.5,0.45,11,0.0284,0.0367,55
ckmk_d_ict_f_n_265577,55.42,92.0,217.5,103.3,0.51,12,0.0241,0.0342,50
ckmk_d_ict_f_n_265581,76.98,120.0,199.2,60.8,0.384,8,0.0367,0.0426,55
ckmk_d_ict_f_n_265582,46.38,112.5,214.6,77.9,0.423,5,0.0341,0.0428,55
ckmk_d_ict_f_n_269233,55.64,295.5,259.7,71.4,0.048,0,0.056,0.0393,60
ckmk_d_ict_f_n_269234,45.1,275.4,257.7,73.4,0.046,0,0.0518,0.0369,55
ckmk_d_ict_f_n_269235,46.25,285.4,253.9,75.0,0.08,0,0.0546,0.0426,60
ckmk_d_ict_f_n_269236,47.62,298.6,267.3,77.2,0.058,0,0.056,0.0398,55
ckmk_d_ict_f_n_269237,40.06,292.1,255.4,76.1,0.065,0,0.0527,0.0375,60
ckmk_d_ict_f_n_269238,48.77,283.0,252.1,69.6,0.048,0,0.0571,0.0385,55
ckmk_d_ict_f_n_269239,45.82,280.2,259.9,72.3,0.07,0,0.0563,0.0412,60
ckmk_d_ict_f_n_269240,42.76,301.7,249.4,66.5,0.037,0,0.0563,0.0366,60
ckmk_d_ict_f_n_269241,45.9,262.7,251.6,64.7,0.041,0,0.055,0.0347,50
ckmk_d_ict_f_n_269242,49.06,274.0,259.4,63.4,0.065,0,0.0524,0.0387,55
ckmk_d_ict_f_n_270294,119.6,233.8,238.8,65.7,0.293,13,0.0462,0.0443,50
ckmk_d_ict_f_n_270295,116.15,234.0,245.7,66.4,0.332,14,0.0425,0.0441,50
ckmk_d_ict_f_n_270296,116.99,223.1,235.5,59.0,0.352,16,0.0431,0.0473,50
ckmk_d_ict_f_n_270297,119.8,215.9,248.1,65.1,0.35,17,0.0438,0.0462,55
ckmk_d_ict_f_n_270300,118.58,219.6,232.8,57.9,0.322,14,0.0447,0.044,55
ckmk_d_ict_f_n_272103,37.74,256.0,221.3,62.3,0.089,0,0.0481,0.0321,60
ckmk_d_ict_f_n_272104,49.84,275.7,224.5,60.8,0.066,0,0.0515,0.0362,55
ckmk_d_ict_f_n_272105,52.74,246.9,225.0,63.8,0.157,0,0.0567,0.0523,75
ckmk_d_ict_f_n_272106,72.18,237.7,214.5,61.0,0.127,1,0.0552,0.0413,55
ckmk_d_ict_f_n_272107,41.24,282.3,224.4,58.1,0.053,0,0.0468,0.0322,60
ckmk_d_ict_f_n_272213,39.85,252.9,228.3,67.8,0.091,1,0.0451,0.036,60
ckmk_d_ict_f_n_272214,37.34,236.2,227.0,67.6,0.12,0,0.0427,0.0361,70
ckmk_d_ict_f_n_272216,55.14,268.8,225.7,53.2,0.099,1,0.048,0.039,60
ckmk_d_ict_f_n_272217,46.08,227.9,229.6,64.8,0.122,1,0.0428,0.0364,65
ckmk_d_ict_f_n_272219,50.0,253.2,229.8,66.4,0.124,1,0.0458,0.0363,72
ckmk_d_ict_f_n_272220,53.66,228.1,218.7,60.9,0.172,1,0.045,0.037,75
ckmk_d_ict_f_n_272221,37.2,216.1,225.4,59.6,0.177,1,0.0392,0.0343,64
ckmk_d_ict_f_n_272222,46.47,289.2,229.3,56.2,0.107,0,0.0442,0.036,64
ckmk_d_ict_f_n_272274,57.4,237.3,230.0,69.1,0.14,0,0.0423,0.0363,67
ckmk_d_ict_f_n_272275,42.8,260.7,230.5,61.6,0.08,0,0.0456,0.0349,75
ckmk_d_ict_f_n_272276,39.76,264.1,227.0,59.9,0.082,0,0.0445,0.0344,75
ckmk_d_ict_f_n_272673,70.64,295.6,198.9,76.5,0.07,0,0.0551,0.0384,73
ckmk_d_ict_f_n_272674,78.4,318.4,230.1,84.6,0.102,1,0.0559,0.0412,67
ckmk_d_ict_f_n_272675,69.74,310.6,228.2,82.5,0.101,1,0.0517,0.0366,65
ckmk_d_ict_f_n_272676,82.16,312.6,204.2,83.2,0.091,1,0.0517,0.0388,65
ckmk_d_ict_f_n_272677,93.02,296.1,205.0,78.2,0.104,0,0.0543,0.0415,72
ckmk_d_ict_f_n_272678,97.3,323.1,210.3,79.5,0.099,1,0.0513,0.0386,72
ckmk_d_ict_f_n_272679,69.44,287.7,212.5,79.4,0.121,1,0.0489,0.0371,67
ckmk_d_ict_f_n_272680,99.36,295.3,191.0,75.0,0.133,2,0.0572,0.0422,72
ckmk_d_ict_f_n_272681,104.4,322.4,205.5,74.7,0.105,1,0.0576,0.0418,65
ckmk_d_ict_f_n_272682,89.71,322.4,203.6,79.1,0.086,0,0.0586,0.041,72
ckmk_d_ict_f_n_273584,118.4,206.2,231.4,63.5,0.348,14,0.0399,0.0447,72
ckmk_d_ict_f_n_273585,116.9,211.5,219.5,68.8,0.343,12,0.0418,0.0461,65
ckmk_d_ict_f_n_277283,38.55,249.0,214.5,53.2,0.179,0,0.0461,0.0361,75
ckmk_d_ict_f_n_277284,48.74,254.8,213.2,61.0,0.216,2,0.0437,0.0358,70
ckmk_d_ict_f_n_277285,57.46,248.5,209.2,60.8,0.203,0,0.0457,0.0381,73
ckmk_d_ict_f_n_277286,47.4,265.8,213.1,58.8,0.201,0,0.0464,0.0375,63
ckmk_d_ict_f_n_277287,55.5,273.5,219.1,65.8,0.193,0,0.0487,0.0386,67
ckmk_d_ict_f_n_277288,50.96,210.8,211.6,74.2,0.316,3,0.0382,0.0377,63
ckmk_d_ict_f_n_277289,49.64,264.7,213.6,67.8,0.185,0,0.0471,0.0373,73
ckmk_d_ict_f_n_277290,64.8,263.9,215.5,65.9,0.231,3,0.0473,0.0392,65
ckmk_d_ict_f_n_277291,68.4,269.3,216.6,64.7,0.221,1,0.0496,0.0407,65
ckmk_d_ict_f_n_277292,75.1,283.6,228.5,69.2,0.222,1,0.0496,0.0417,64
ckmk_d_ict_f_n_277453,52.94,208.5,227.7,118.3,0.342,6,0.0325,0.0328,65
ckmk_d_ict_f_n_277454,39.0,209.2,216.9,119.8,0.375,5,0.0315,0.037,75
ckmk_d_ict_f_n_277455,35.08,213.8,196.1,100.9,0.359,6,0.0339,0.038,73
ckmk_d_ict_f_n_277458,49.28,199.7,206.2,114.1,0.399,8,0.0325,0.0374,65
ckmk_d_ict_f_n_277461,50.42,222.5,210.3,117.0,0.341,9,0.0361,0.0366,63
ckmk_d_ict_f_n_277463,57.28,229.4,239.6,80.3,0.226,1,0.0463,0.0396,65
ckmk_d_ict_f_n_277464,53.96,262.4,232.3,76.7,0.183,2,0.0489,0.0378,65
ckmk_d_ict_f_n_277465,72.45,246.8,231.8,77.2,0.201,1,0.0479,0.0384,72
ckmk_d_ict_f_n_277466,55.28,274.6,233.7,72.4,0.181,0,0.0482,0.0365,72
ckmk_d_ict_f_n_277467,76.33,261.0,234.6,74.6,0.211,1,0.0509,0.0417,67
ckmk_d_ict_f_n_277468,59.78,264.0,229.9,73.4,0.224,1,0.0494,0.041,60
ckmk_d_ict_f_n_277469,69.44,273.9,233.4,78.2,0.203,0,0.0487,0.0397,72
ckmk_d_ict_f_n_277470,61.92,259.7,233.0,66.8,0.22,0,0.048,0.0393,60
ckmk_d_ict_f_n_277471,77.34,244.4,222.3,73.0,0.232,3,0.0484,0.0419,65
ckmk_d_ict_f_n_277472,58.22,261.8,220.1,71.9,0.194,1,0.0494,0.0383,65
ckmk_d_ict_f_n_279783,43.67,261.0,222.3,71.1,0.086,0,0.0414,0.0306,75
ckmk_d_ict_f_n_279784,37.18,284.0,216.1,55.7,0.071,0,0.0435,0.0318,76
ckmk_d_ict_f_n_279785,43.82,206.8,210.1,65.7,0.13,0,0.0408,0.0335,67
ckmk_d_ict_f_n_279786,55.92,277.9,226.7,66.3,0.035,0,0.0503,0.035,72
ckmk_d_ict_f_n_279788,42.0,227.1,214.3,63.9,0.095,0,0.0472,0.0378,72
ckmk_d_ict_f_n_279790,53.16,259.6,224.6,73.7,0.093,0,0.0534,0.0403,65
ckmk_d_ict_f_n_279791,52.8,275.0,217.4,70.3,0.068,0,0.0522,0.0379,70
ckmk_d_ict_f_n_279792,43.34,285.2,222.2,66.8,0.074,0,0.053,0.0366,64
ckmk_d_ict_f_n_280253,119.72,202.5,218.8,93.1,0.395,20,0.0386,0.0471,65
ckmk_d_ict_f_n_290924,87.28,261.9,222.7,74.8,0.131,0,0.0586,0.0414,76
ckmk_d_ict_f_n_290925,87.62,261.6,236.4,77.1,0.174,3,0.0477,0.0389,75
ckmk_d_ict_f_n_290926,93.44,267.1,233.8,76.1,0.181,2,0.0528,0.0418,74
ckmk_d_ict_f_n_290929,72.18,249.4,243.3,82.9,0.205,1,0.0499,0.0406,75
ckmk_d_ict_f_n_290930,74.55,257.5,231.4,78.7,0.171,2,0.0462,0.0369,65
ckmk_d_ict_f_n_290931,113.72,256.9,228.0,75.9,0.16,1,0.0467,0.0364,78
ckmk_d_ict_f_n_290932,93.86,238.4,230.8,81.7,0.224,4,0.0535,0.0444,65
ckmk_d_ict_f_n_291154,100.75,266.2,231.9,83.1,0.183,3,0.0457,0.0367,67
ckmk_d_ict_f_n_291155,99.18,280.7,228.2,76.0,0.158,2,0.0549,0.0448,74
ckmk_d_ict_f_n_291158,98.05,242.9,226.7,81.5,0.174,4,0.0522,0.0421,65
ckmk_d_ict_f_n_291159,88.0,233.2,224.7,80.7,0.227,3,0.0522,0.0459,70
ckmk_d_ict_f_n_291160,84.48,241.5,224.7,84.7,0.204,2,0.0525,0.0447,76
ckmk_d_ict_f_n_291162,102.16,262.5,220.2,77.1,0.187,3,0.0548,0.0458,72
ckmk_d_ict_f_n_291184,91.42,270.4,235.4,79.1,0.132,0,0.051,0.0384,76
ckmk_d_ict_f_n_291185,94.31,250.7,230.3,78.6,0.177,0,0.0498,0.0418,75
ckmk_d_ict_f_n_291186,90.6,245.7,231.8,89.9,0.194,1,0.0511,0.0425,72
ckmk_d_ict_f_n_291190,91.62,263.9,229.9,82.5,0.153,2,0.0506,0.0393,73
ckmk_d_ict_f_n_291191,86.67,249.9,220.4,74.7,0.219,4,0.053,0.0463,70
ckmk_d_ict_f_n_291315,109.98,237.9,230.2,87.6,0.218,5,0.0485,0.0407,75
ckmk_d_ict_f_n_291316,91.78,248.4,221.9,81.7,0.228,4,0.0473,0.0409,63
ckmk_d_ict_f_n_291317,87.13,262.4,231.6,77.7,0.145,2,0.053,0.0405,85
ckmk_d_ict_f_n_291320,87.18,251.2,230.2,84.8,0.174,1,0.049,0.0404,76
ckmk_d_ict_f_n_291321,86.8,246.1,227.2,79.2,0.201,1,0.0548,0.0486,72
ckmk_d_ict_f_n_291322,77.76,248.5,227.8,78.5,0.195,4,0.0527,0.0414,62
ckmk_d_ict_f_n_291493,96.16,248.3,227.7,76.6,0.181,5,0.053,0.0415,73
ckmk_d_ict_f_n_291494,79.32,243.6,225.7,74.4,0.177,1,0.0557,0.0465,73
ckmk_d_ict_f_n_291495,88.1,224.7,217.8,81.1,0.228,5,0.047,0.0428,67
ckmk_d_ict_f_n_291496,87.92,249.1,227.4,80.7,0.188,2,0.0478,0.0404,75
ckmk_d_ict_f_n_291497,92.58,242.4,227.9,79.1,0.177,3,0.045,0.0371,72
ckmk_d_ict_f_n_291499,102.2,238.9,220.2,83.0,0.211,4,0.046,0.039,72
ckmk_d_ict_f_n_291500,101.38,226.1,219.6,80.9,0.219,6,0.0499,0.0436,75
ckmk_d_ict_f_n_291603,107.06,243.8,221.2,76.1,0.188,2,0.0495,0.0425,72
ckmk_d_ict_f_n_291604,89.84,247.8,227.4,80.7,0.157,2,0.052,0.042,72
ckmk_d_ict_f_n_291605,98.12,213.4,228.1,85.6,0.214,3,0.0536,0.0457,72
ckmk_d_ict_f_n_291609,90.86,227.2,218.8,82.4,0.234,6,0.0462,0.0436,65
ckmk_d_ict_f_n_291610,89.94,254.8,228.4,82.9,0.166,1,0.0533,0.0421,75
ckmk_d_ict_f_n_291611,84.6,246.8,220.9,77.7,0.185,2,0.0535,0.0449,72
ckmk_d_ict_f_n_291612,100.46,241.9,222.4,79.0,0.2,1,0.053,0.0439,73
ckmk_d_ict_f_n_291694,102.34,244.5,225.3,79.8,0.159,2,0.0534,0.041,73
ckmk_d_ict_f_n_291695,98.98,221.9,225.4,88.0,0.244,7,0.0442,0.0386,75
ckmk_d_ict_f_n_291697,104.72,236.6,224.3,76.1,0.155,2,0.0493,0.0411,78
ckmk_d_ict_f_n_291698,100.33,247.0,225.8,79.5,0.155,0,0.0544,0.0425,75
ckmk_d_ict_f_n_291699,85.5,236.5,216.8,81.6,0.189,4,0.0562,0.0433,75
ckmk_d_ict_f_n_291700,89.94,220.1,228.7,82.7,0.196,3,0.053,0.0433,78
ckmk_d_ict_f_n_291702,90.54,216.0,219.2,76.7,0.237,7,0.0461,0.04,72
ckmk_d_ict_f_n_291854,102.07,224.0,221.9,83.4,0.178,2,0.0498,0.0428,70
ckmk_d_ict_f_n_291855,94.36,245.4,224.3,79.7,0.139,1,0.053,0.0402,73
ckmk_d_ict_f_n_291856,94.7,252.2,226.7,84.2,0.174,2,0.0464,0.0358,75
ckmk_d_ict_f_n_291857,97.42,239.0,224.1,84.0,0.176,2,0.0552,0.0439,75
ckmk_d_ict_f_n_291858,86.34,234.2,226.1,84.0,0.192,1,0.0474,0.0394,65
ckmk_d_ict_f_n_291859,81.21,223.9,237.5,85.6,0.182,2,0.0467,0.0382,70
ckmk_d_ict_f_n_291860,87.44,244.3,220.8,81.9,0.145,1,0.0549,0.0419,72
ckmk_d_ict_f_n_291861,106.82,250.5,227.5,77.7,0.155,1,0.0584,0.0467,82
ckmk_d_ict_f_n_291862,94.69,247.8,215.7,82.5,0.195,4,0.0518,0.0421,63
ckmk_d_ict_f_n_292003,100.66,259.9,222.8,74.2,0.137,0,0.0525,0.0394,72
ckmk_d_ict_f_n_292005,95.96,232.0,227.2,84.6,0.193,3,0.0475,0.0394,70
ckmk_d_ict_f_n_292006,85.56,241.9,221.9,76.0,0.17,3,0.0559,0.0468,72
ckmk_d_ict_f_n_292007,90.66,253.5,224.8,76.7,0.166,2,0.0522,0.0414,75
ckmk_d_ict_f_n_292008,89.0,246.7,221.2,74.9,0.176,2,0.0489,0.0378,75
ckmk_d_ict_f_n_292009,93.8,229.6,218.4,75.1,0.194,3,0.056,0.0442,72
ckmk_d_ict_f_n_292012,95.46,217.5,219.5,80.7,0.26,10,0.0471,0.0435,65
ckmk_d_ict_f_n_292053,89.04,225.7,213.9,69.9,0.23,5,0.0492,0.0445,75
ckmk_d_ict_f_n_292055,93.62,241.6,213.9,72.3,0.187,2,0.0499,0.0403,75
ckmk_d_ict_f_n_292056,95.91,215.8,218.3,76.6,0.255,3,0.045,0.0409,67
ckmk_d_ict_f_n_292058,106.9,257.1,225.0,72.1,0.162,5,0.0556,0.0426,74
ckmk_d_ict_f_n_292059,106.94,240.7,221.3,76.8,0.21,4,0.0479,0.0425,65
ckmk_d_ict_f_n_292104,100.61,242.1,223.0,74.4,0.187,4,0.0508,0.0402,75
ckmk_d_ict_f_n_292105,102.48,213.7,222.6,77.3,0.204,7,0.0571,0.048,65
ckmk_d_ict_f_n_292106,95.92,241.5,226.6,72.2,0.183,3,0.0473,0.0383,65
ckmk_d_ict_f_n_292107,96.62,236.0,229.0,72.7,0.182,2,0.0555,0.0472,76
ckmk_d_ict_f_n_292108,87.58,251.4,223.2,73.6,0.161,0,0.0506,0.0381,75
ckmk_d_ict_f_n_292109,81.06,220.6,222.9,79.3,0.24,5,0.042,0.0381,65
ckmk_d_ict_f_n_292111,103.13,246.1,228.2,74.1,0.182,3,0.0486,0.0377,73
ckmk_d_ict_f_n_292112,90.73,226.2,231.7,77.0,0.209,6,0.0521,0.0425,75
ckmk_d_ict_f_n_292113,96.33,252.9,218.2,75.9,0.175,1,0.0572,0.0464,72
ckmk_d_ict_f_n_292114,97.43,213.1,226.3,75.0,0.229,5,0.0488,0.0417,72
ckmk_d_ict_f_n_292115,102.72,238.9,226.6,87.0,0.218,6,0.049,0.0416,63
ckmk_d_ict_f_n_292116,98.48,202.9,223.2,75.4,0.225,6,0.0503,0.0432,67
ckmk_d_ict_f_n_292118,93.26,244.5,225.7,76.2,0.197,3,0.0485,0.0394,67
ckmk_d_ict_f_n_292119,107.97,240.6,219.6,79.6,0.191,5,0.0496,0.0424,65
ckmk_d_ict_f_n_292120,104.34,247.8,221.1,78.5,0.209,4,0.0466,0.0399,74
ckmk_d_ict_f_n_292121,95.4,235.2,217.6,72.4,0.177,5,0.051,0.0414,65
ckmk_d_ict_f_n_292763,79.58,158.3,232.0,74.3,0.396,13,0.0333,0.0383,70
ckmk_d_ict_f_n_292765,78.78,198.0,229.4,74.2,0.296,8,0.0424,0.0411,65
ckmk_d_ict_f_n_292768,77.63,189.4,237.9,75.7,0.358,8,0.0377,0.041,67
ckmk_d_ict_f_n_292769,79.67,173.2,235.6,79.9,0.387,9,0.0356,0.0421,72
ckmk_d_ict_f_n_292772,77.98,170.0,231.5,71.9,0.423,13,0.0349,0.0414,65
ckmk_d_ict_f_n_293003,81.66,308.6,190.6,68.7,0.111,1,0.0552,0.0428,64
ckmk_d_ict_f_n_293004,72.22,299.9,197.7,74.2,0.095,1,0.0527,0.0386,65
ckmk_d_ict_f_n_293006,73.74,310.8,201.5,70.5,0.093,0,0.0589,0.0435,72
ckmk_d_ict_f_n_293007,65.82,308.1,197.1,70.1,0.075,0,0.0524,0.0364,73
ckmk_d_ict_f_n_293008,64.0,245.6,192.2,68.0,0.124,0,0.0504,0.0392,72
ckmk_d_ict_f_n_293009,67.74,262.2,195.2,69.1,0.092,0,0.0555,0.0416,73
ckmk_d_ict_f_n_293010,65.53,277.4,194.2,68.7,0.163,1,0.0519,0.0414,75
ckmk_d_ict_f_n_295803,74.2,185.2,248.3,79.5,0.377,12,0.0352,0.0416,65
ckmk_d_ict_f_n_295804,87.99,171.8,245.0,84.5,0.417,13,0.0332,0.0412,63
ckmk_d_ict_f_n_295805,107.91,164.0,228.3,77.9,0.439,15,0.0315,0.0403,65
ckmk_d_ict_f_n_295806,97.46,185.9,239.7,89.0,0.353,10,0.0362,0.0429,65
ckmk_d_ict_f_n_295807,29.34,173.8,233.2,77.0,0.447,6,0.0315,0.0428,65
ckmk_d_ict_f_n_295808,98.66,184.9,234.8,78.7,0.417,16,0.0313,0.0426,75
ckmk_d_ict_f_n_295809,91.05,187.8,238.7,78.0,0.362,10,0.036,0.0428,60
ckmk_d_ict_f_n_295810,110.48,181.4,255.7,89.7,0.454,18,0.0323,0.0423,67
ckmk_d_ict_f_n_295811,104.32,180.0,252.7,78.4,0.41,14,0.0334,0.0406,75
ckmk_d_ict_f_n_295812,114.08,182.0,241.6,81.8,0.397,14,0.0314,0.0396,65
ckmk_d_ict_f_n_296144,97.52,212.9,235.6,72.3,0.322,10,0.0393,0.0442,65
ckmk_d_ict_f_n_296145,85.94,171.7,236.5,93.7,0.46,9,0.0307,0.044,65
ckmk_d_ict_f_n_296146,98.96,208.0,242.9,77.5,0.366,12,0.0353,0.0408,73
ckmk_d_ict_f_n_296147,96.02,151.8,241.4,92.1,0.466,10,0.0288,0.0403,65
ckmk_d_ict_f_n_296148,105.7,201.5,228.6,73.7,0.331,10,0.0364,0.0406,65
ckmk_d_ict_f_n_296149,113.88,163.3,240.1,87.3,0.461,14,0.0309,0.0413,72
ckmk_d_ict_f_n_296151,108.88,179.6,235.7,76.1,0.413,17,0.0331,0.0416,73
ckmk_d_ict_f_n_296152,108.5,184.7,241.8,86.8,0.379,16,0.0335,0.0395,75
ckmk_d_ict_f_n_297023,84.74,279.0,185.8,61.7,0.11,1,0.0583,0.0442,64
ckmk_d_ict_f_n_297024,78.96,305.5,202.0,79.8,0.118,1,0.0506,0.0386,64
ckmk_d_ict_f_n_297025,82.72,340.9,193.8,70.2,0.09,1,0.0504,0.0365,75
ckmk_d_ict_f_n_297026,81.2,309.6,187.2,66.9,0.137,0,0.0455,0.0372,73
ckmk_d_ict_f_n_297027,60.4,308.9,201.3,73.6,0.106,0,0.0528,0.0389,72
ckmk_d_ict_f_n_297028,65.94,303.9,178.6,63.2,0.126,1,0.0511,0.0364,65
ckmk_d_ict_f_n_297029,67.88,333.2,196.3,68.3,0.09,0,0.054,0.0384,75
ckmk_d_ict_f_n_297030,75.08,335.6,200.1,69.5,0.11,1,0.0551,0.0419,65
ckmk_d_ict_f_n_297032,83.86,308.4,195.3,70.1,0.114,1,0.0544,0.0407,73
ckmk_d_ict_f_n_297503,120.89,201.5,230.6,82.7,0.295,11,0.0379,0.0415,65
ckmk_d_ict_f_n_297504,121.44,203.1,251.0,93.1,0.355,14,0.0346,0.0413,72
ckmk_d_ict_f_n_297505,104.88,217.4,229.9,77.6,0.302,8,0.0382,0.0418,75
ckmk_d_ict_f_n_297506,117.58,165.3,226.8,88.1,0.475,21,0.0296,0.0406,72
ckmk_d_ict_f_n_297507,120.88,233.3,238.3,73.9,0.315,12,0.0385,0.0403,65
ckmk_d_ict_f_n_297509,98.38,209.8,226.7,72.4,0.347,11,0.0355,0.0413,65
ckmk_d_ict_f_n_297512,120.93,238.2,223.1,72.1,0.288,11,0.0368,0.0423,73
ckmk_d_ict_f_n_300114,118.69,219.9,212.1,80.1,0.337,12,0.0402,0.0442,65
ckmk_d_ict_f_n_300115,119.94,213.6,209.1,75.6,0.351,15,0.0395,0.0441,72
ckmk_d_ict_f_n_300118,117.4,243.8,229.3,80.7,0.261,11,0.0438,0.0412,73
ckmk_d_ict_f_n_300119,118.73,211.7,203.0,71.6,0.375,19,0.0421,0.0469,72
ckmk_d_ict_f_n_302093,93.1,199.1,284.7,130.2,0.347,10,0.0407,0.0459,65
ckmk_d_ict_f_n_302094,93.8,223.2,243.7,113.3,0.258,6,0.0502,0.0519,74
ckmk_d_ict_f_n_302095,100.75,207.8,244.8,115.4,0.332,11,0.0407,0.0476,65
ckmk_d_ict_f_n_302096,108.95,229.6,269.0,114.2,0.306,8,0.0458,0.0502,65
ckmk_d_ict_f_n_302097,93.42,228.6,271.4,108.6,0.263,7,0.0461,0.0473,65
ckmk_d_ict_f_n_302098,107.14,212.2,266.5,119.8,0.333,12,0.0437,0.0496,65
ckmk_d_ict_f_n_302100,100.12,220.5,257.5,106.2,0.281,8,0.0449,0.0473,67
ckmk_d_ict_f_n_302101,117.05,199.4,269.9,123.1,0.37,14,0.0376,0.0461,65
ckmk_d_ict_f_n_302102,110.81,209.0,272.1,124.7,0.359,11,0.0386,0.0447,65
ckmk_d_ict_f_n_303084,120.42,160.4,309.4,151.1,0.398,16,0.0359,0.0427,72
ckmk_d_ict_f_n_303085,92.22,188.0,243.4,127.9,0.37,15,0.0392,0.0472,75
ckmk_d_ict_f_n_303086,110.03,215.9,259.5,115.7,0.259,6,0.0433,0.0445,65
ckmk_d_ict_f_n_303087,118.48,182.8,282.5,132.8,0.335,14,0.0379,0.045,67
ckmk_d_ict_f_n_303089,109.54,205.4,286.7,132.1,0.356,14,0.0439,0.0529,65
ckmk_d_ict_f_n_303090,120.52,165.8,294.9,146.9,0.431,15,0.0334,0.047,67
ckmk_d_ict_f_n_303091,104.62,182.9,266.3,131.5,0.352,12,0.0399,0.0478,73
ckmk_d_ict_f_n_303092,120.38,203.4,263.5,133.6,0.347,12,0.0374,0.0429,75
ckmk_d_ict_f_n_303754,108.46,170.9,246.5,154.1,0.448,18,0.0336,0.0436,72
ckmk_d_ict_f_n_303755,95.8,173.5,256.2,156.1,0.453,11,0.0365,0.0472,73
ckmk_d_ict_f_n_303756,119.06,207.6,263.6,115.2,0.308,10,0.0442,0.0473,65
ckmk_d_ict_f_n_303757,116.82,193.1,264.8,119.2,0.323,11,0.042,0.0446,72
ckmk_d_ict_f_n_303758,99.16,152.5,295.4,133.6,0.438,13,0.0354,0.0456,60
ckmk_d_ict_f_n_303759,121.38,193.8,277.0,120.1,0.358,15,0.0393,0.0456,75
ckmk_d_ict_f_n_303760,93.92,199.3,274.4,116.4,0.345,7,0.0435,0.0472,75
ckmk_d_ict_f_n_303761,114.26,168.6,292.4,131.2,0.459,20,0.0345,0.0455,70
ckmk_d_ict_f_n_303762,110.08,204.9,268.1,115.1,0.322,12,0.0394,0.0423,70
ckmk_d_ict_f_n_304153,120.84,188.7,248.3,140.2,0.348,12,0.0395,0.0448,65
ckmk_d_ict_f_n_304154,117.9,241.2,250.8,129.1,0.252,9,0.0433,0.0416,73
ckmk_d_ict_f_n_304155,118.98,240.5,245.7,125.9,0.256,9,0.0474,0.0488,62
ckmk_d_ict_f_n_304156,121.36,195.8,250.7,141.7,0.341,11,0.0411,0.0459,75
ckmk_d_ict_f_n_304157,120.96,214.8,253.1,138.2,0.302,14,0.0418,0.044,72
ckmk_d_ict_f_n_304158,120.92,200.0,263.6,141.6,0.337,13,0.043,0.0459,65
ckmk_d_ict_f_n_304159,121.36,173.5,251.9,148.8,0.412,10,0.0372,0.0464,72
ckmk_d_ict_f_n_304160,121.23,212.8,253.2,140.3,0.332,11,0.0393,0.0459,73
ckmk_d_ict_f_n_304162,118.0,211.5,284.6,118.4,0.328,14,0.0416,0.0466,72
ckmk_d_ict_f_n_304313,86.74,321.7,197.1,75.2,0.106,1,0.059,0.0409,63
ckmk_d_ict_f_n_304314,71.66,288.9,204.5,74.3,0.111,0,0.0533,0.0385,72
ckmk_d_ict_f_n_304315,75.14,297.0,208.1,73.6,0.117,1,0.0524,0.0388,65
ckmk_d_ict_f_n_304316,69.5,315.1,206.5,68.6,0.11,1,0.0565,0.0382,65
ckmk_d_ict_f_n_304317,74.23,257.0,199.6,70.0,0.143,1,0.0544,0.0419,73
ckmk_d_ict_f_n_304318,68.42,316.6,198.2,65.4,0.114,1,0.0568,0.0404,70
ckmk_d_ict_f_n_304320,65.04,319.2,195.0,68.1,0.119,1,0.058,0.0428,74
ckmk_d_ict_f_n_304321,78.1,290.4,200.4,65.6,0.095,1,0.0582,0.0404,67
ckmk_d_ict_f_n_304322,62.45,268.1,194.0,66.6,0.145,1,0.0546,0.0407,70
ckmk_d_ict_f_n_305163,64.51,278.1,195.6,74.0,0.151,2,0.0505,0.0392,75
ckmk_d_ict_f_n_305164,88.06,283.4,191.5,64.6,0.123,2,0.061,0.0442,75
ckmk_d_ict_f_n_305166,76.38,274.2,185.2,67.4,0.111,2,0.0588,0.0431,75
ckmk_d_ict_f_n_305167,70.92,308.8,203.5,76.5,0.116,1,0.0503,0.038,65
ckmk_d_ict_f_n_305168,68.7,306.6,206.5,72.7,0.128,2,0.0551,0.0415,67
ckmk_d_ict_f_n_305169,57.27,316.4,193.6,73.5,0.066,1,0.0537,0.0368,75
ckmk_d_ict_f_n_305170,83.74,311.0,205.6,75.9,0.079,1,0.0555,0.0385,72
ckmk_d_ict_f_n_305171,52.8,320.5,200.6,78.2,0.118,1,0.0519,0.036,65
ckmk_d_ict_f_n_305172,52.16,310.6,199.9,75.4,0.098,1,0.0526,0.0363,72
ckmk_d_ict_f_n_306303,119.8,197.8,278.4,130.9,0.324,13,0.0427,0.0458,65
ckmk_d_ict_f_n_306304,113.83,186.6,277.1,138.6,0.412,18,0.0369,0.0445,65
ckmk_d_ict_f_n_306306,119.03,188.0,259.6,137.7,0.407,18,0.0377,0.0464,62
ckmk_d_ict_f_n_306307,120.8,227.5,264.9,120.9,0.307,12,0.0409,0.0425,65
ckmk_d_ict_f_n_306308,119.02,197.1,271.5,126.5,0.357,11,0.0396,0.045,70
ckmk_d_ict_f_n_306309,119.9,211.7,264.4,122.5,0.333,13,0.0405,0.0456,65
ckmk_d_ict_f_n_306310,120.14,207.3,256.5,119.7,0.302,10,0.0414,0.0438,73
ckmk_d_ict_f_n_308704,107.82,147.5,336.9,152.8,0.484,19,0.0323,0.0429,65
ckmk_d_ict_f_n_308705,110.98,166.0,311.3,148.0,0.41,16,0.0373,0.047,65
ckmk_d_ict_f_n_308706,120.94,178.1,303.5,142.5,0.351,13,0.0443,0.0503,67
ckmk_d_ict_f_n_308707,117.44,171.7,311.1,147.2,0.392,15,0.0381,0.0442,70
ckmk_d_ict_f_n_308708,120.56,185.6,297.3,142.3,0.344,8,0.0381,0.0425,75
ckmk_d_ict_f_n_308710,121.04,230.0,269.4,115.8,0.273,10,0.0461,0.0453,67
ckmk_d_ict_f_n_308711,120.49,181.3,275.3,130.7,0.38,16,0.0404,0.049,62
ckmk_d_ict_f_n_308712,120.78,186.3,269.2,128.4,0.372,12,0.0377,0.0432,72
ckmk_d_ict_f_n_308863,121.24,197.5,262.5,124.3,0.334,13,0.0437,0.0478,65
ckmk_d_ict_f_n_308864,119.92,205.6,281.3,119.6,0.311,8,0.0449,0.0498,65
ckmk_d_ict_f_n_308865,120.08,209.4,269.2,119.8,0.307,12,0.0407,0.0448,65
ckmk_d_ict_f_n_308866,119.52,228.9,262.2,111.8,0.27,10,0.0454,0.0491,72
ckmk_d_ict_f_n_308867,121.26,193.0,268.7,122.0,0.343,11,0.0389,0.0474,65
ckmk_d_ict_f_n_308868,119.3,182.6,277.2,125.4,0.382,11,0.0371,0.0438,72
ckmk_d_ict_f_n_308869,118.1,202.2,263.0,113.0,0.319,12,0.0433,0.045,75
ckmk_d_ict_f_n_308870,120.8,194.7,272.2,124.3,0.383,17,0.0404,0.0489,65
ckmk_d_ict_f_n_308871,119.53,229.9,254.5,135.1,0.316,16,0.0441,0.0484,72
ckmk_d_ict_f_n_308872,117.65,199.4,263.6,116.4,0.316,11,0.042,0.0413,73
ckmk_d_ict_f_n_311893,119.86,208.7,200.0,93.6,0.372,19,0.0407,0.0467,62
ckmk_d_ict_f_n_311894,118.34,226.6,208.2,88.3,0.331,13,0.044,0.0457,65
ckmk_d_ict_f_n_311895,120.16,217.7,198.3,80.4,0.327,15,0.0481,0.0495,65
ckmk_d_ict_f_n_311896,118.32,218.6,207.6,83.0,0.305,13,0.0481,0.0478,65
ckmk_d_ict_f_n_311898,118.74,227.9,209.6,79.6,0.294,10,0.0439,0.043,75
ckmk_d_ict_f_n_311899,117.83,220.5,207.9,75.8,0.297,12,0.0489,0.0487,65
ckmk_d_ict_f_n_311901,119.0,224.9,210.2,77.0,0.293,12,0.0447,0.0444,65
ckmk_d_ict_f_n_312263,109.8,182.0,281.9,131.2,0.351,12,0.0378,0.041,65
ckmk_d_ict_f_n_312264,120.28,180.6,280.8,134.5,0.401,23,0.0365,0.0438,65
ckmk_d_ict_f_n_312266,117.12,229.5,270.8,118.3,0.284,10,0.0419,0.0414,65
ckmk_d_ict_f_n_312268,118.29,244.5,286.5,117.3,0.19,6,0.051,0.0478,65
ckmk_d_ict_f_n_312269,120.8,204.6,312.4,133.9,0.317,10,0.042,0.0453,75
ckmk_d_ict_f_n_312271,120.4,227.7,298.1,129.1,0.268,10,0.0454,0.0489,70
ckmk_d_ict_f_n_312272,120.56,266.8,286.8,119.7,0.198,6,0.0483,0.0458,75
ckmk_d_ict_f_n_312393,115.62,226.8,290.8,124.1,0.246,11,0.0451,0.0461,65
ckmk_d_ict_f_n_312395,119.92,224.1,277.4,134.6,0.269,11,0.0429,0.043,72
ckmk_d_ict_f_n_312396,121.14,220.9,265.1,131.7,0.289,11,0.0449,0.0487,72
ckmk_d_ict_f_n_312397,120.0,237.0,271.3,121.9,0.212,6,0.0479,0.0449,65
ckmk_d_ict_f_n_312398,119.94,239.6,259.3,115.8,0.193,4,0.0542,0.0488,62
ckmk_d_ict_f_n_312399,120.54,207.1,262.4,115.0,0.286,8,0.0449,0.0476,72
ckmk_d_ict_f_n_312400,120.98,253.4,261.9,98.4,0.207,4,0.0483,0.0481,76
ckmk_d_ict_f_n_312401,121.38,217.5,277.3,113.3,0.295,9,0.0445,0.0451,65
ckmk_d_ict_f_n_312402,119.03,219.8,272.4,105.8,0.276,8,0.0435,0.0469,70
ckmk_d_ict_f_n_314473,117.36,253.6,204.1,82.1,0.098,0,0.0432,0.0311,67
ckmk_d_ict_f_n_314474,115.62,233.0,205.1,81.0,0.124,0,0.0496,0.0397,70
ckmk_d_ict_f_n_314475,119.84,255.3,206.3,91.3,0.101,0,0.0445,0.0336,62
ckmk_d_ict_f_n_314476,114.96,241.1,203.9,89.3,0.096,0,0.0451,0.0336,72
ckmk_d_ict_f_n_314477,111.21,235.8,200.7,83.0,0.125,0,0.0451,0.0382,65
ckmk_d_ict_f_n_314478,112.88,250.4,211.7,89.3,0.142,0,0.0431,0.0358,72
ckmk_d_ict_f_n_314479,116.18,239.1,188.8,73.7,0.077,0,0.0454,0.0337,64
ckmk_d_ict_f_n_314480,118.66,243.2,210.4,90.0,0.13,1,0.0464,0.038,74
ckmk_d_ict_f_n_314481,120.02,234.0,198.9,87.5,0.129,0,0.048,0.0429,65
ckmk_d_ict_f_n_314482,119.3,255.5,202.5,78.7,0.089,1,0.0473,0.0348,65
ckmk_d_ict_f_n_316354,63.55,311.6,202.6,70.6,0.093,1,0.0559,0.0383,73
ckmk_d_ict_f_n_316355,49.32,255.5,200.1,69.6,0.153,1,0.0475,0.036,67
ckmk_d_ict_f_n_316356,82.28,282.2,201.2,68.6,0.112,1,0.0516,0.0406,65
ckmk_d_ict_f_n_316357,59.4,293.9,204.3,67.3,0.125,0,0.0502,0.0389,72
ckmk_d_ict_f_n_316359,63.66,277.1,203.2,70.4,0.125,1,0.0511,0.039,72
ckmk_d_ict_f_n_316373,95.14,264.9,226.9,56.6,0.099,0,0.068,0.0444,70
ckmk_d_ict_f_n_316374,117.98,277.2,225.5,60.4,0.072,0,0.0637,0.0402,72
ckmk_d_ict_f_n_316376,115.94,272.7,226.8,59.9,0.078,0,0.0544,0.0332,76
ckmk_d_ict_f_n_316377,115.02,276.5,230.4,60.8,0.078,1,0.0634,0.0419,65
ckmk_d_ict_f_n_316378,116.2,277.8,235.1,63.7,0.08,0,0.0638,0.0399,82
ckmk_d_ict_f_n_316379,118.24,279.1,232.8,62.0,0.084,0,0.0672,0.045,75
ckmk_d_ict_f_n_316380,114.92,281.4,240.0,63.3,0.091,0,0.0591,0.038,73
ckmk_d_ict_f_n_316381,115.28,267.0,252.6,64.7,0.078,0,0.057,0.0362,75
ckmk_d_ict_f_n_316382,110.32,291.0,242.2,65.8,0.056,0,0.0639,0.0393,75
ckmk_d_ict_f_n_317863,108.45,189.8,323.5,138.0,0.361,16,0.0407,0.046,65
ckmk_d_ict_f_n_317864,85.81,169.2,339.3,139.8,0.409,12,0.0381,0.0458,75
ckmk_d_ict_f_n_317865,118.92,202.8,301.3,129.9,0.293,7,0.0435,0.0463,75
ckmk_d_ict_f_n_317866,119.1,210.1,262.6,109.8,0.277,8,0.0442,0.0461,73
ckmk_d_ict_f_n_317867,119.64,206.6,258.6,110.1,0.29,10,0.0443,0.0446,70
ckmk_d_ict_f_n_317868,120.54,204.6,273.7,119.4,0.295,13,0.0464,0.0486,73
ckmk_d_ict_f_n_317869,120.56,221.0,250.4,111.5,0.278,9,0.0446,0.046,74
ckmk_d_ict_f_n_317870,120.1,262.3,269.9,110.4,0.221,6,0.052,0.0518,72
ckmk_d_ict_f_n_317872,118.61,257.0,254.0,101.4,0.227,9,0.0479,0.0459,72
ckmk_d_ict_f_n_318043,120.55,209.5,261.6,114.2,0.324,14,0.0425,0.0452,72
ckmk_d_ict_f_n_318044,120.28,203.5,251.0,101.0,0.296,10,0.0408,0.0429,70
ckmk_d_ict_f_n_318045,120.7,235.1,256.9,96.8,0.22,4,0.0459,0.0452,74
ckmk_d_ict_f_n_318046,119.54,221.3,257.8,100.8,0.272,7,0.0441,0.0442,75
ckmk_d_ict_f_n_318047,119.76,238.0,275.7,97.7,0.239,8,0.0478,0.0461,65
ckmk_d_ict_f_n_318048,119.78,231.4,265.2,99.9,0.244,9,0.0453,0.0446,73
ckmk_d_ict_f_n_318049,116.97,230.8,264.4,117.7,0.207,6,0.0478,0.0436,75
ckmk_d_ict_f_n_318050,121.29,259.7,265.6,109.7,0.162,2,0.0535,0.0461,74
ckmk_d_ict_f_n_318051,119.66,209.1,269.8,129.5,0.29,11,0.0427,0.0448,72
ckmk_d_ict_f_n_318052,121.44,252.0,265.5,97.5,0.214,4,0.0502,0.0452,70
ckmk_d_ict_f_n_321693,54.39,226.1,233.6,79.1,0.145,0,0.0505,0.0411,78
ckmk_d_ict_f_n_321743,51.1,223.1,194.8,55.2,0.202,0,0.0439,0.0368,72
ckmk_d_ict_f_n_321744,53.4,246.1,224.8,68.8,0.113,0,0.051,0.0419,75
ckmk_d_ict_f_n_321745,57.24,232.7,218.4,63.9,0.188,1,0.0524,0.0446,75
ckmk_d_ict_f_n_321746,54.89,231.7,217.1,71.1,0.124,0,0.0476,0.0382,75
ckmk_d_ict_f_n_321748,58.14,229.1,223.4,71.7,0.147,0,0.0496,0.0422,72
ckmk_d_ict_f_n_321749,45.42,247.0,233.8,76.9,0.126,0,0.0517,0.0384,75
ckmk_d_ict_f_n_321750,61.22,216.6,232.5,71.4,0.152,0,0.0499,0.0441,72
ckmk_d_ict_f_n_321751,52.94,219.9,235.7,70.5,0.174,1,0.0475,0.041,75
ckmk_d_ict_f_n_321752,57.12,241.6,228.2,75.9,0.118,0,0.0507,0.0376,82
ckmk_d_ict_f_n_321953,116.87,240.8,223.5,69.5,0.243,7,0.0428,0.0382,65
ckmk_d_ict_f_n_321954,116.31,230.6,217.6,70.5,0.287,10,0.0406,0.0386,72
ckmk_d_ict_f_n_321956,116.22,230.8,225.1,67.3,0.264,8,0.0431,0.0402,73
ckmk_d_ict_f_n_321957,117.18,240.7,228.1,70.6,0.272,12,0.0453,0.0442,75
ckmk_d_ict_f_n_321959,115.42,242.8,223.5,67.7,0.239,9,0.0439,0.0393,65
ckmk_d_ict_f_n_321960,117.2,235.5,228.2,71.1,0.258,8,0.0441,0.0404,70
ckmk_d_ict_f_n_321961,116.6,248.5,220.1,59.4,0.237,5,0.048,0.0397,70
ckmk_d_ict_f_n_323513,92.4,199.4,210.6,61.9,0.182,1,0.0545,0.0446,72
ckmk_d_ict_f_n_323514,63.26,211.5,203.4,63.0,0.182,1,0.051,0.0417,73
ckmk_d_ict_f_n_323515,76.84,187.4,216.0,67.6,0.242,4,0.0491,0.0465,65
ckmk_d_ict_f_n_323516,58.2,176.3,210.5,65.5,0.223,1,0.0466,0.0423,70
ckmk_d_ict_f_n_323517,45.13,154.2,220.9,68.2,0.231,1,0.05,0.0483,70
ckmk_d_ict_f_n_323518,63.83,180.5,227.3,75.2,0.25,3,0.0504,0.0509,63
ckmk_d_ict_f_n_328164,118.86,176.2,250.8,129.1,0.353,13,0.041,0.046,70
ckmk_d_ict_f_n_328165,121.06,198.7,215.4,114.1,0.332,14,0.0413,0.0458,75
ckmk_d_ict_f_n_328166,120.86,198.6,233.0,119.6,0.322,13,0.0432,0.0479,65
ckmk_d_ict_f_n_328169,118.72,207.2,264.6,122.1,0.305,11,0.0422,0.0473,72
ckmk_d_ict_f_n_328170,120.1,211.3,270.4,118.3,0.296,10,0.0424,0.0447,72
ckmk_d_ict_f_n_328171,119.02,188.0,255.4,134.0,0.331,7,0.0407,0.0452,62
ckmk_d_ict_f_n_328172,119.78,212.9,296.7,134.1,0.281,9,0.0421,0.0452,62
ckmk_d_ict_f_n_328294,115.94,188.9,317.4,146.7,0.4,13,0.0357,0.0435,65
ckmk_d_ict_f_n_328295,121.26,209.3,313.0,140.4,0.349,10,0.0382,0.0438,72
ckmk_d_ict_f_n_328296,120.79,240.4,271.7,115.0,0.252,6,0.0455,0.0446,65
ckmk_d_ict_f_n_328297,120.03,185.0,297.2,127.9,0.367,16,0.0404,0.0482,72
ckmk_d_ict_f_n_328299,121.4,185.8,280.9,120.4,0.352,14,0.0392,0.0473,62
ckmk_d_ict_f_n_328300,118.06,213.5,274.7,108.6,0.274,7,0.0482,0.048,62
ckmk_d_ict_f_n_328301,120.46,211.2,277.7,112.1,0.259,6,0.0462,0.049,72
ckmk_d_ict_f_n_328443,120.45,236.1,272.6,109.7,0.279,12,0.047,0.0484,72
ckmk_d_ict_f_n_328444,119.8,238.9,257.7,104.0,0.222,6,0.0465,0.0471,65
ckmk_d_ict_f_n_328445,120.82,179.8,285.9,126.0,0.36,12,0.0387,0.0473,65
ckmk_d_ict_f_n_328446,120.32,202.5,276.0,141.7,0.312,9,0.0413,0.0451,72
ckmk_d_ict_f_n_328447,121.06,227.0,264.3,144.9,0.345,10,0.0401,0.0455,65
ckmk_d_ict_f_n_328448,119.2,226.0,270.1,131.4,0.255,7,0.0447,0.0456,63
ckmk_d_ict_f_n_328449,119.9,190.7,274.7,149.6,0.378,12,0.0372,0.0451,65
ckmk_d_ict_f_n_328450,120.79,222.5,267.1,131.2,0.27,9,0.0446,0.0459,63
ckmk_d_ict_f_n_328451,119.72,248.6,268.2,126.6,0.246,8,0.043,0.0417,76
ckmk_d_ict_f_n_328452,117.67,237.1,276.4,132.3,0.256,8,0.045,0.0469,72
ckmk_d_ict_f_n_329003,119.84,210.8,228.8,113.3,0.303,9,0.049,0.0507,65
ckmk_d_ict_f_n_329004,121.28,250.8,231.9,101.1,0.206,3,0.0523,0.0474,73
ckmk_d_ict_f_n_329007,120.2,245.6,272.0,119.9,0.177,2,0.0512,0.0459,70
ckmk_d_ict_f_n_329008,120.6,257.2,269.7,121.6,0.197,4,0.0471,0.0436,65
ckmk_d_ict_f_n_329010,120.62,283.0,272.7,115.4,0.165,5,0.0502,0.0423,72
ckmk_d_ict_f_n_329011,120.66,259.1,291.5,121.8,0.209,5,0.0508,0.0491,67
ckmk_d_ict_f_n_329012,115.92,249.0,287.0,122.9,0.189,7,0.0471,0.0458,65
ckmk_d_ict_f_n_329073,116.14,215.4,219.1,76.6,0.317,13,0.0428,0.0441,67
ckmk_d_ict_f_n_329074,115.71,226.1,224.4,68.3,0.298,11,0.0409,0.0415,65
ckmk_d_ict_f_n_329075,115.77,222.9,232.2,69.8,0.269,8,0.0432,0.0401,65
ckmk_d_ict_f_n_329076,118.02,223.7,222.7,66.3,0.245,5,0.0423,0.0386,64
ckmk_d_ict_f_n_329077,117.14,226.4,218.1,63.0,0.271,10,0.0386,0.0352,67
ckmk_d_ict_f_n_329078,115.53,233.2,222.9,65.1,0.234,6,0.0444,0.04,70
ckmk_d_ict_f_n_329079,119.48,223.5,217.7,63.4,0.296,9,0.0427,0.0458,75
ckmk_d_ict_f_n_329080,116.14,222.1,220.4,57.4,0.263,10,0.0442,0.0432,75
ckmk_d_ict_f_n_329081,118.56,222.2,214.0,61.9,0.282,9,0.0402,0.0381,72
ckmk_d_ict_f_n_329484,72.3,281.3,213.6,77.6,0.152,0,0.0511,0.0425,65
ckmk_d_ict_f_n_329485,59.3,271.2,203.2,74.6,0.127,0,0.0504,0.0399,75
ckmk_d_ict_f_n_329486,71.06,308.2,215.9,73.6,0.094,0,0.0605,0.0445,75
ckmk_d_ict_f_n_329487,66.14,268.5,205.9,72.3,0.19,2,0.0474,0.0411,62
ckmk_d_ict_f_n_329488,77.97,300.9,203.9,74.1,0.129,0,0.0566,0.0425,72
ckmk_d_ict_f_n_329489,73.24,312.9,204.6,69.0,0.104,1,0.057,0.0424,65
ckmk_d_ict_f_n_329490,59.12,275.0,200.1,66.6,0.132,0,0.0511,0.0393,72
ckmk_d_ict_f_n_329491,81.84,269.1,199.8,67.1,0.118,0,0.0545,0.0433,78
ckmk_d_ict_f_n_330423,119.44,191.4,262.0,136.6,0.356,15,0.038,0.0413,72
ckmk_d_ict_f_n_330424,120.92,196.0,260.3,125.1,0.305,12,0.0451,0.0481,65
ckmk_d_ict_f_n_330425,115.88,232.0,267.1,115.6,0.268,8,0.0464,0.048,64
ckmk_d_ict_f_n_330426,121.3,243.4,250.7,108.6,0.215,4,0.0501,0.0473,74
ckmk_d_ict_f_n_330427,120.56,220.5,263.5,120.9,0.295,11,0.0468,0.0492,72
ckmk_d_ict_f_n_330428,119.68,211.6,251.4,120.5,0.267,7,0.0451,0.046,73
ckmk_d_ict_f_n_330429,121.16,253.5,247.8,125.5,0.223,7,0.0489,0.0482,65
ckmk_d_ict_f_n_330430,121.11,210.1,257.4,130.3,0.265,7,0.0465,0.0472,65
ckmk_d_ict_f_n_330431,120.9,262.0,247.9,113.6,0.2,4,0.0466,0.0425,75
ckmk_d_ict_f_n_330432,121.14,240.2,249.3,112.3,0.253,8,0.0462,0.0468,76
ckmk_d_ict_f_n_330573,118.52,224.3,258.8,111.3,0.233,6,0.0462,0.0466,73
ckmk_d_ict_f_n_330574,120.5,209.6,262.8,117.4,0.294,11,0.0446,0.0489,65
ckmk_d_ict_f_n_330575,120.98,234.6,254.3,104.4,0.267,12,0.045,0.0485,60
ckmk_d_ict_f_n_330576,120.06,251.9,253.8,101.2,0.244,7,0.0508,0.0498,75
ckmk_d_ict_f_n_330577,121.08,262.6,256.8,101.1,0.219,7,0.049,0.0471,72
ckmk_d_ict_f_n_330580,120.12,213.8,263.9,105.7,0.26,10,0.0457,0.0485,73
ckmk_d_ict_f_n_330581,120.38,224.8,263.1,109.4,0.235,9,0.0479,0.0488,65
ckmk_d_ict_f_n_330582,121.02,237.0,258.2,117.5,0.187,5,0.0493,0.0452,70
ckmk_d_ict_f_n_332133,87.26,262.0,189.1,64.3,0.186,3,0.0531,0.0458,67
ckmk_d_ict_f_n_332134,68.33,226.5,201.9,71.3,0.156,1,0.0532,0.0442,65
ckmk_d_ict_f_n_332135,71.76,323.6,200.7,60.3,0.122,1,0.0572,0.0429,67
ckmk_d_ict_f_n_332136,76.05,296.6,197.0,66.2,0.111,1,0.0554,0.0422,62
ckmk_d_ict_f_n_335023,61.42,281.3,185.3,61.8,0.122,0,0.0512,0.0399,70
ckmk_d_ict_f_n_335024,68.23,278.8,204.6,81.4,0.155,0,0.0513,0.0437,72
ckmk_d_ict_f_n_335025,80.31,279.4,212.5,79.7,0.136,1,0.0555,0.045,65
ckmk_d_ict_f_n_335026,87.11,289.3,221.9,83.6,0.129,0,0.0543,0.0428,67
ckmk_d_ict_f_n_335027,77.26,252.4,203.5,82.8,0.167,1,0.0494,0.0426,65
ckmk_d_ict_f_n_335028,81.28,291.6,202.6,77.7,0.101,0,0.0562,0.0428,75
ckmk_d_ict_f_n_335029,87.32,293.4,201.4,76.3,0.116,0,0.0565,0.044,65
ckmk_d_ict_f_n_335030,102.78,258.0,199.3,74.5,0.152,2,0.0505,0.0433,65
ckmk_d_ict_f_n_335031,67.88,258.1,196.0,70.6,0.157,1,0.0525,0.043,72
ckmk_d_ict_f_n_335032,47.24,288.3,199.8,73.0,0.097,0,0.0485,0.037,65
ckmk_d_ict_f_n_336243,104.16,280.5,222.1,71.5,0.179,6,0.0521,0.0412,65
ckmk_d_ict_f_n_336244,103.32,267.7,221.6,67.6,0.159,7,0.052,0.0394,70
ckmk_d_ict_f_n_336245,113.86,281.9,221.1,69.1,0.167,6,0.0516,0.042,65
ckmk_d_ict_f_n_336246,103.74,290.3,224.4,71.0,0.147,3,0.0525,0.0401,73
ckmk_d_ict_f_n_336248,98.36,262.9,225.8,74.2,0.186,4,0.048,0.0388,65
ckmk_d_ict_f_n_336249,108.67,283.8,217.5,68.6,0.163,4,0.052,0.0424,72
ckmk_d_ict_f_n_336251,117.0,284.1,223.6,71.9,0.166,7,0.0504,0.0391,74
ckmk_d_ict_f_n_336252,99.74,282.1,229.3,74.5,0.169,5,0.0523,0.0445,67
ckmk_d_ict_f_n_336333,92.22,267.4,224.0,74.9,0.193,4,0.0506,0.0414,72
ckmk_d_ict_f_n_336336,100.44,286.7,222.6,66.4,0.162,6,0.0522,0.0428,64
ckmk_d_ict_f_n_336337,107.63,288.8,225.1,70.7,0.145,3,0.0564,0.0437,72
ckmk_d_ict_f_n_336338,106.4,294.4,230.0,70.0,0.178,6,0.0533,0.0481,65
ckmk_d_ict_f_n_336340,96.55,295.2,228.6,74.1,0.153,2,0.0589,0.0474,70
ckmk_d_ict_f_n_336341,102.96,300.1,219.8,68.5,0.167,5,0.0514,0.0434,64
ckmk_d_ict_f_n_336342,104.7,282.5,226.1,74.8,0.162,3,0.0525,0.0418,65
ckmk_d_ict_f_n_336493,116.38,255.7,200.4,84.6,0.101,0,0.0468,0.0342,62
ckmk_d_ict_f_n_336494,119.78,234.9,198.9,78.1,0.101,1,0.0443,0.0341,72
ckmk_d_ict_f_n_336496,118.18,251.8,194.9,80.5,0.098,0,0.0498,0.0356,70
ckmk_d_ict_f_n_336498,119.83,246.8,199.1,85.4,0.092,0,0.0436,0.032,63
ckmk_d_ict_f_n_336499,116.14,228.9,194.9,80.5,0.116,0,0.0457,0.0359,64
ckmk_d_ict_f_n_336500,114.68,220.8,199.1,80.4,0.133,0,0.045,0.0363,70
ckmk_d_ict_f_n_341283,103.18,304.1,189.5,66.5,0.132,1,0.0553,0.0456,75
ckmk_d_ict_f_n_341284,85.87,288.6,193.7,74.3,0.167,0,0.0506,0.0456,65
ckmk_d_ict_f_n_341286,96.86,281.9,204.8,69.4,0.131,1,0.0529,0.0452,67
ckmk_d_ict_f_n_341287,79.12,315.5,199.8,67.9,0.138,1,0.0533,0.0434,72
ckmk_d_ict_f_n_341289,95.24,310.0,188.3,68.0,0.093,1,0.0588,0.0439,73
ckmk_d_ict_f_n_341291,77.38,271.4,202.7,73.8,0.15,1,0.0534,0.0448,64
ckmk_d_ict_f_n_341383,118.34,266.7,223.8,70.5,0.114,1,0.0533,0.0406,72
ckmk_d_ict_f_n_341384,120.29,266.4,220.2,70.4,0.092,2,0.0546,0.0383,75
ckmk_d_ict_f_n_341385,119.88,281.3,226.0,73.2,0.091,0,0.0543,0.0404,72
ckmk_d_ict_f_n_341386,116.46,277.2,221.2,70.4,0.102,1,0.0505,0.0369,65
ckmk_d_ict_f_n_341390,116.24,284.4,232.9,72.8,0.092,1,0.0515,0.0384,65
ckmk_d_ict_f_n_341391,116.18,291.3,235.9,75.5,0.062,0,0.0542,0.0377,72
ckmk_d_ict_f_n_341392,119.34,286.6,230.1,73.6,0.09,1,0.0544,0.0386,65
ckmk_d_ict_f_n_342303,119.76,225.5,275.6,106.7,0.261,7,0.0483,0.0478,72
ckmk_d_ict_f_n_342304,119.34,267.0,267.9,92.2,0.162,2,0.0555,0.0481,74
ckmk_d_ict_f_n_342305,117.16,197.2,255.4,128.3,0.294,11,0.0499,0.0538,62
ckmk_d_ict_f_n_342306,121.24,207.4,276.7,129.4,0.275,9,0.0451,0.046,65
ckmk_d_ict_f_n_342308,121.36,241.8,247.5,112.4,0.228,6,0.0508,0.0481,65
ckmk_d_ict_f_n_342309,121.22,258.9,261.5,121.3,0.256,6,0.0485,0.0501,75
ckmk_d_ict_f_n_342311,120.92,220.3,258.2,120.3,0.278,10,0.0452,0.0489,65
ckmk_d_ict_f_n_342312,120.04,263.9,270.1,112.5,0.188,3,0.0529,0.0495,75
ckmk_d_ict_f_n_343523,65.25,155.4,238.0,48.4,0.257,4,0.0468,0.0457,72
ckmk_d_ict_f_n_343983,121.24,206.4,233.2,115.4,0.302,10,0.0458,0.0488,72
ckmk_d_ict_f_n_343984,119.56,226.3,235.7,121.7,0.256,8,0.0517,0.0498,65
ckmk_d_ict_f_n_343985,119.85,236.3,238.6,115.3,0.211,9,0.0493,0.0476,64
ckmk_d_ict_f_n_343986,119.68,241.1,250.4,115.0,0.196,6,0.0603,0.0539,75
ckmk_d_ict_f_n_343988,120.97,264.9,246.9,103.4,0.143,1,0.0569,0.0465,65
ckmk_d_ict_f_n_343989,119.06,267.1,243.7,100.0,0.145,1,0.0569,0.0464,75
ckmk_d_ict_f_n_343990,121.22,245.0,234.6,106.8,0.175,4,0.0521,0.0468,75
ckmk_d_ict_f_n_343991,120.54,275.3,264.4,111.9,0.169,0,0.0513,0.0493,82
ckmk_d_ict_f_n_343992,120.14,252.2,248.5,107.2,0.178,3,0.0534,0.0494,74
ckmk_d_ict_f_n_345733,120.26,207.6,238.4,107.8,0.229,6,0.0463,0.0436,65
ckmk_d_ict_f_n_345734,120.76,218.1,250.5,110.9,0.267,10,0.0469,0.0473,65
ckmk_d_ict_f_n_345735,118.31,238.9,238.8,100.2,0.202,4,0.0521,0.0482,72
ckmk_d_ict_f_n_345737,121.34,237.8,235.9,102.1,0.211,6,0.0489,0.0465,65
ckmk_d_ict_f_n_345738,120.32,240.4,235.5,102.4,0.215,5,0.0501,0.0479,75
ckmk_d_ict_f_n_345739,121.0,224.1,238.2,102.8,0.217,7,0.0499,0.0456,65
ckmk_d_ict_f_n_345740,117.82,187.4,265.7,132.9,0.328,15,0.0453,0.0489,74
ckmk_d_ict_f_n_345742,121.28,221.1,237.3,114.0,0.278,11,0.0457,0.048,74
ckmk_d_ict_f_n_345923,119.1,254.4,239.0,109.5,0.166,6,0.0529,0.0481,65
ckmk_d_ict_f_n_345924,120.66,259.6,242.6,115.7,0.189,3,0.0509,0.0469,70
ckmk_d_ict_f_n_345925,118.09,240.3,244.0,116.3,0.199,6,0.0503,0.0457,65
ckmk_d_ict_f_n_345929,120.2,267.6,242.7,111.6,0.166,7,0.0486,0.0421,67
ckmk_d_ict_f_n_345930,120.52,262.9,248.2,108.2,0.16,5,0.0544,0.0482,75
ckmk_d_ict_f_n_345931,117.89,223.9,248.3,124.9,0.23,8,0.0467,0.045,67
ckmk_d_ict_f_n_345932,120.76,242.5,246.5,115.7,0.179,5,0.052,0.0455,64
ckmk_d_ict_f_n_346205,121.11,244.2,254.9,123.7,0.237,8,0.0477,0.0446,65
ckmk_d_ict_f_n_346207,121.12,236.8,259.0,115.6,0.191,6,0.0535,0.0461,67
ckmk_d_ict_f_n_346211,121.1,239.3,287.3,126.3,0.236,6,0.0473,0.0449,75
ckmk_d_ict_f_n_346212,119.96,269.6,255.9,107.6,0.167,3,0.0495,0.0451,75
ckmk_d_ict_f_n_346633,119.78,247.0,234.1,100.6,0.176,2,0.0508,0.0413,72
ckmk_d_ict_f_n_346634,120.06,254.9,230.8,95.5,0.144,3,0.0525,0.0428,72
ckmk_d_ict_f_n_346636,116.56,256.3,245.6,104.5,0.185,3,0.0548,0.0449,72
ckmk_d_ict_f_n_346637,116.16,271.2,228.7,90.8,0.131,2,0.0561,0.0456,65
ckmk_d_ict_f_n_346638,121.15,266.4,233.2,94.1,0.149,2,0.0558,0.0463,75
ckmk_d_ict_f_n_346639,120.93,255.0,232.6,88.1,0.157,2,0.0561,0.0481,72
ckmk_d_ict_f_n_346642,121.26,265.2,256.5,103.7,0.168,2,0.0533,0.0444,72
ckmk_d_ict_f_n_346795,121.18,276.3,246.6,105.1,0.152,4,0.0579,0.049,72
ckmk_d_ict_f_n_346796,117.4,262.2,246.1,101.3,0.113,1,0.0565,0.043,72
ckmk_d_ict_f_n_346797,120.24,277.4,261.2,104.1,0.128,3,0.0579,0.0464,76
ckmk_d_ict_f_n_346798,121.2,250.5,275.7,114.9,0.166,3,0.0555,0.048,72
ckmk_d_ict_f_n_346799,120.45,268.5,265.2,110.7,0.137,2,0.0547,0.0448,75
ckmk_d_ict_f_n_346800,120.6,250.7,259.5,111.4,0.14,3,0.0543,0.0471,73
ckmk_d_ict_f_n_346801,119.03,259.1,254.6,111.6,0.166,3,0.0555,0.0487,75
ckmk_d_ict_f_n_346802,121.06,245.8,258.2,118.5,0.19,4,0.05,0.0457,73
ckmk_d_ict_f_n_347614,119.8,241.9,239.1,109.7,0.162,3,0.0527,0.045,73
ckmk_d_ict_f_n_347616,119.96,167.1,268.4,140.9,0.388,11,0.0395,0.0456,70
ckmk_d_ict_f_n_347617,115.72,230.7,249.1,117.3,0.223,7,0.0479,0.0453,72
ckmk_d_ict_f_n_347619,120.42,251.1,250.1,113.9,0.175,6,0.0504,0.0427,75
ckmk_d_ict_f_n_347621,118.51,255.2,236.0,96.6,0.149,2,0.0595,0.0491,73
ckmk_d_ict_f_n_347823,119.47,208.9,270.4,127.8,0.277,14,0.0442,0.0428,65
ckmk_d_ict_f_n_347824,116.36,216.6,257.7,115.7,0.228,5,0.0465,0.0416,65
ckmk_d_ict_f_n_347826,118.95,247.7,238.7,109.1,0.162,3,0.0506,0.0417,72
ckmk_d_ict_f_n_347827,120.74,263.9,244.8,102.7,0.137,1,0.0595,0.0477,74
ckmk_d_ict_f_n_347828,120.1,213.3,257.5,114.7,0.229,8,0.0491,0.0462,72
ckmk_d_ict_f_n_347830,121.29,247.8,243.9,92.2,0.157,2,0.0544,0.0443,64
ckmk_d_ict_f_n_347832,116.81,259.4,251.5,94.0,0.16,4,0.0576,0.048,75
ckmk_d_ict_f_n_347983,93.54,143.7,223.4,91.3,0.364,12,0.0406,0.0482,65
ckmk_d_ict_f_n_347984,97.24,149.3,239.5,89.9,0.326,11,0.0407,0.0443,65
ckmk_d_ict_f_n_347985,99.74,189.5,249.0,91.8,0.255,5,0.0476,0.0481,65
ckmk_d_ict_f_n_347986,86.28,162.0,228.7,92.4,0.355,6,0.0377,0.0431,65
ckmk_d_ict_f_n_347987,84.8,188.9,236.3,88.0,0.285,3,0.0418,0.0436,62
ckmk_d_ict_f_n_347989,107.42,172.6,238.9,93.2,0.356,11,0.0397,0.0466,65
ckmk_d_ict_f_n_347991,99.29,186.1,234.5,87.4,0.278,3,0.0474,0.0504,62
ckmk_d_ict_f_n_347992,106.66,183.9,242.7,90.5,0.268,6,0.0448,0.0454,72
ckmk_d_ict_f_n_348114,119.56,200.7,243.2,128.1,0.263,7,0.0474,0.0454,75
ckmk_d_ict_f_n_348116,119.82,235.9,237.1,110.3,0.161,4,0.0514,0.0457,70
ckmk_d_ict_f_n_348117,120.83,233.9,239.1,121.0,0.225,6,0.053,0.0473,65
ckmk_d_ict_f_n_348118,121.02,226.6,242.8,120.9,0.209,8,0.0489,0.0469,70
ckmk_d_ict_f_n_348464,114.7,165.8,242.8,91.0,0.351,12,0.0451,0.0563,67
ckmk_d_ict_f_n_348465,112.68,167.7,245.0,92.6,0.335,9,0.0401,0.048,65
ckmk_d_ict_f_n_348467,102.08,148.7,232.9,88.0,0.385,16,0.0358,0.0452,65
ckmk_d_ict_f_n_348469,88.82,172.9,245.3,91.6,0.323,5,0.0439,0.0507,67
ckmk_d_ict_f_n_348471,108.62,160.7,242.2,85.9,0.332,11,0.0422,0.0484,72
ckmk_d_ict_f_n_348472,102.38,138.9,229.8,88.3,0.45,21,0.0327,0.0474,72
ckmk_d_ict_f_n_348583,118.68,251.3,265.1,110.7,0.158,4,0.0561,0.0443,72
ckmk_d_ict_f_n_348585,120.36,227.3,302.4,127.4,0.26,8,0.0472,0.0482,73
ckmk_d_ict_f_n_348589,121.06,258.2,275.4,113.8,0.174,2,0.0515,0.0436,76
ckmk_d_ict_f_n_348592,117.9,250.9,250.6,106.0,0.179,3,0.0663,0.0528,72
ckmk_d_ict_f_n_351133,75.52,241.5,213.6,88.9,0.212,0,0.045,0.0438,63
ckmk_d_ict_f_n_351135,55.48,236.8,220.2,80.2,0.243,1,0.0437,0.0437,65
ckmk_d_ict_f_n_351136,60.52,257.8,233.1,88.8,0.207,0,0.046,0.0439,64
ckmk_d_ict_f_n_351138,60.78,274.4,250.7,100.7,0.161,0,0.047,0.0421,65
ckmk_d_ict_f_n_351139,44.12,281.5,238.5,90.4,0.175,0,0.047,0.0433,60
ckmk_d_ict_f_n_351140,53.0,243.4,220.3,81.4,0.251,1,0.0464,0.0499,60
ckmk_d_ict_f_n_351141,48.48,277.2,241.0,89.5,0.168,0,0.0478,0.0455,63
ckmk_d_ict_f_n_351142,76.83,267.9,243.3,91.3,0.182,0,0.0504,0.0456,70
ckmk_d_ict_f_n_351223,71.98,255.1,241.5,94.5,0.201,1,0.0453,0.0436,67
ckmk_d_ict_f_n_351224,66.2,249.2,236.4,85.1,0.213,2,0.0461,0.0464,64
ckmk_d_ict_f_n_351226,56.3,262.2,227.8,79.8,0.187,0,0.0466,0.0437,72
ckmk_d_ict_f_n_351228,51.64,264.9,214.1,82.4,0.2,0,0.0471,0.0434,67
ckmk_d_ict_f_n_351229,55.49,257.3,230.3,91.8,0.21,1,0.0462,0.0426,67
ckmk_d_ict_f_n_351230,49.54,270.1,220.6,82.1,0.168,0,0.0473,0.0407,67
ckmk_d_ict_f_n_351231,75.46,256.0,233.1,80.6,0.194,0,0.0521,0.0489,67
ckmk_d_ict_f_n_351232,57.92,263.1,222.8,86.4,0.199,1,0.0422,0.0388,62
ckmk_d_ict_f_n_352583,108.96,166.3,237.1,85.3,0.332,11,0.0386,0.0407,60
ckmk_d_ict_f_n_352584,74.38,201.7,243.9,76.2,0.25,3,0.0484,0.0419,65
ckmk_d_ict_f_n_352585,104.1,167.7,244.0,80.0,0.311,9,0.0495,0.0505,70
ckmk_d_ict_f_n_352586,67.27,181.1,245.5,81.8,0.273,3,0.0447,0.0455,75
ckmk_d_ict_f_n_352587,83.96,200.8,246.1,80.5,0.235,5,0.0461,0.0413,72
ckmk_d_ict_f_n_352588,111.19,177.0,242.5,79.9,0.329,11,0.0411,0.0438,73
ckmk_d_ict_f_n_352589,72.68,212.2,239.9,82.6,0.244,3,0.0489,0.0451,65
ckmk_d_ict_f_n_352590,116.14,194.8,249.1,80.7,0.24,7,0.0553,0.0482,65
ckmk_d_ict_f_n_352592,113.37,180.5,240.4,84.4,0.29,11,0.0414,0.0393,65
ckmk_d_ict_f_n_352813,105.74,185.0,250.0,85.2,0.292,10,0.045,0.0424,67
ckmk_d_ict_f_n_352815,106.72,182.7,237.2,79.8,0.273,7,0.0472,0.0435,65
ckmk_d_ict_f_n_352817,99.56,195.3,250.7,85.5,0.255,5,0.0467,0.0436,72
ckmk_d_ict_f_n_352818,105.1,203.8,250.6,81.9,0.219,5,0.0524,0.0449,73
ckmk_d_ict_f_n_352820,106.44,182.6,231.5,72.9,0.312,11,0.0413,0.0406,72
ckmk_d_ict_f_n_352821,105.98,202.7,239.9,73.5,0.245,6,0.0501,0.0491,70
ckmk_d_ict_f_n_352822,89.46,178.4,249.5,76.5,0.268,6,0.0575,0.0686,65
ckmk_d_ict_f_n_353883,96.5,208.9,251.5,74.2,0.277,7,0.0463,0.046,65
ckmk_d_ict_f_n_353886,71.98,186.7,261.8,81.9,0.25,2,0.0493,0.0452,75
ckmk_d_ict_f_n_353890,79.55,215.7,245.3,75.8,0.201,3,0.0532,0.0461,63
ckmk_d_ict_f_n_353891,83.81,209.0,248.9,76.4,0.252,5,0.0483,0.0441,70
ckmk_d_ict_f_n_353892,88.65,201.0,261.4,84.2,0.299,8,0.0476,0.0482,62
ckmk_d_ict_f_n_354014,86.34,182.8,247.3,74.9,0.274,7,0.055,0.0533,70
ckmk_d_ict_f_n_354016,64.9,229.3,258.8,85.2,0.225,4,0.0483,0.0455,67
ckmk_d_ict_f_n_354017,105.66,203.9,257.5,82.7,0.24,5,0.0499,0.0457,62
ckmk_d_ict_f_n_354019,72.11,195.5,264.5,82.5,0.262,5,0.0407,0.0385,65
ckmk_d_ict_f_n_354022,50.52,218.5,248.7,75.7,0.24,3,0.0431,0.0389,65
ckmk_d_ict_f_n_354214,88.44,273.4,257.1,87.5,0.199,1,0.0541,0.0488,72
ckmk_d_ict_f_n_354216,79.8,250.4,237.2,68.3,0.193,1,0.0556,0.0481,62
ckmk_d_ict_f_n_354283,66.25,325.1,189.5,69.5,0.161,2,0.0533,0.0417,70
ckmk_d_ict_f_n_354284,81.9,317.9,194.4,73.1,0.133,2,0.0545,0.0432,70
ckmk_d_ict_f_n_354285,76.3,330.3,205.6,73.3,0.138,1,0.054,0.0411,72
ckmk_d_ict_f_n_354288,88.6,308.1,192.6,68.2,0.12,1,0.0586,0.0424,72
ckmk_d_ict_f_n_354289,76.26,314.7,199.5,71.0,0.115,0,0.06,0.0454,65
ckmk_d_ict_f_n_354290,46.89,340.4,199.7,69.5,0.094,0,0.0518,0.0389,65
ckmk_d_ict_f_n_354292,85.93,336.6,209.0,76.1,0.119,1,0.0569,0.0434,72
ckmk_d_ict_f_n_354803,82.25,256.8,253.8,81.1,0.199,1,0.0604,0.0495,67
ckmk_d_ict_f_n_354804,84.64,257.3,243.2,72.7,0.195,2,0.0523,0.0449,75
ckmk_d_ict_f_n_354805,88.09,275.9,240.6,73.6,0.214,1,0.0536,0.0493,65
ckmk_d_ict_f_n_354806,82.94,249.6,238.9,74.4,0.224,2,0.0578,0.0568,67
ckmk_d_ict_f_n_354807,86.54,275.2,246.6,74.8,0.162,1,0.0561,0.05,65
ckmk_d_ict_f_n_354808,87.48,265.4,247.3,73.2,0.2,2,0.0581,0.0506,74
ckmk_d_ict_f_n_354811,85.88,283.0,253.8,77.0,0.146,1,0.0587,0.0473,63
ckmk_d_ict_f_n_354812,83.51,257.9,238.7,65.2,0.205,2,0.0568,0.0505,62
ckmk_d_ict_f_n_355403,116.13,230.9,214.6,62.0,0.269,13,0.0422,0.0384,73
ckmk_d_ict_f_n_355404,117.3,210.7,212.4,64.7,0.301,12,0.0432,0.0426,65
ckmk_d_ict_f_n_356333,85.68,282.2,260.9,92.6,0.15,3,0.0568,0.0465,65
ckmk_d_ict_f_n_356334,62.93,277.5,261.3,85.6,0.166,2,0.0549,0.0446,75
ckmk_d_ict_f_n_356335,89.53,329.1,278.3,83.0,0.139,2,0.0554,0.0452,72
ckmk_d_ict_f_n_356336,63.86,270.6,267.4,84.2,0.167,2,0.0535,0.0436,65
ckmk_d_ict_f_n_356339,70.9,308.9,277.5,87.8,0.161,1,0.0617,0.0509,73
ckmk_d_ict_f_n_356340,66.6,293.7,259.5,79.3,0.116,0,0.0759,0.068,72
ckmk_d_ict_f_n_356342,63.7,287.3,264.5,87.2,0.182,1,0.0559,0.045,65
ckmk_d_ict_f_n_356503,67.07,287.2,257.4,81.4,0.14,1,0.0533,0.0411,62
ckmk_d_ict_f_n_356504,74.61,313.6,278.9,83.4,0.158,1,0.0604,0.0472,75
ckmk_d_ict_f_n_356633,83.56,285.8,214.9,100.8,0.109,0,0.0709,0.0552,65
ckmk_d_ict_f_n_356634,89.1,257.2,205.8,103.4,0.133,1,0.0712,0.0634,67
ckmk_d_ict_f_n_356635,84.62,251.7,203.1,106.8,0.166,3,0.0691,0.0621,62
ckmk_d_ict_f_n_356636,53.66,225.9,197.2,115.7,0.241,2,0.0418,0.0416,65
ckmk_d_ict_f_n_356638,98.77,222.3,193.3,112.7,0.179,3,0.043,0.0376,65
ckmk_d_ict_f_n_356639,63.29,255.0,196.1,108.8,0.149,0,0.0544,0.0482,65
ckmk_d_ict_f_n_356641,90.03,227.3,189.6,124.2,0.241,4,0.0479,0.0501,65
ckmk_d_ict_f_n_356642,58.97,235.0,200.3,129.1,0.234,2,0.0469,0.0475,65
ckmk_d_ict_f_n_356983,121.4,237.7,220.8,75.4,0.194,10,0.0521,0.043,67
ckmk_d_ict_f_n_356984,116.62,250.0,223.2,69.9,0.162,7,0.0518,0.0397,72
ckmk_d_ict_f_n_356985,118.22,253.3,223.6,71.0,0.167,9,0.0502,0.0403,67
ckmk_d_ict_f_n_356986,114.89,257.5,224.7,71.2,0.179,7,0.0482,0.0409,74
ckmk_d_ict_f_n_356988,117.03,250.7,219.1,70.1,0.17,7,0.0543,0.0413,72
ckmk_d_ict_f_n_356989,116.96,257.5,218.4,64.0,0.162,5,0.0526,0.0427,67
ckmk_d_ict_f_n_356990,118.96,256.2,221.9,68.7,0.192,8,0.0436,0.0372,75
ckmk_d_ict_f_n_356991,116.38,252.1,220.4,62.5,0.162,5,0.0474,0.0403,70
ckmk_d_ict_f_n_356993,76.47,291.1,257.1,81.0,0.161,1,0.058,0.0429,70
ckmk_d_ict_f_n_356995,62.4,303.8,260.0,78.1,0.152,1,0.0469,0.0356,70
ckmk_d_ict_f_n_356997,74.58,262.3,250.9,82.7,0.195,4,0.0626,0.0582,65
ckmk_d_ict_f_n_356998,62.6,278.0,260.1,80.2,0.188,2,0.0506,0.0407,65
ckmk_d_ict_f_n_356999,79.38,278.2,247.9,74.7,0.189,2,0.0614,0.0555,65
ckmk_d_ict_f_n_357001,71.05,282.1,254.9,77.0,0.181,1,0.0511,0.0402,75
ckmk_d_ict_f_n_358044,119.26,261.6,245.7,62.8,0.102,0,0.0558,0.0414,70
ckmk_d_ict_f_n_358048,119.15,267.9,248.6,66.5,0.087,0,0.0634,0.0423,72
ckmk_d_ict_f_n_358049,119.67,268.2,254.0,67.5,0.082,1,0.0581,0.0399,72
ckmk_d_ict_f_n_358050,118.41,284.3,247.3,60.7,0.083,0,0.064,0.0458,65
ckmk_d_ict_f_n_358052,120.2,268.1,245.2,64.3,0.089,0,0.063,0.0454,67
ckmk_d_ict_f_n_362323,65.54,225.2,211.6,78.3,0.307,4,0.0432,0.0506,72
ckmk_d_ict_f_n_362325,67.87,226.3,207.7,83.2,0.291,4,0.0428,0.0484,76
ckmk_d_ict_f_n_362328,62.66,239.4,211.1,84.7,0.285,5,0.0443,0.0535,67
ckmk_d_ict_f_n_362331,59.28,258.1,204.0,84.9,0.25,2,0.0455,0.0498,76
ckmk_d_ict_f_n_362955,94.92,250.9,214.4,102.6,0.105,0,0.066,0.0586,65
ckmk_d_ict_f_n_362958,87.78,259.7,218.1,103.1,0.14,1,0.0671,0.0616,62
ckmk_d_ict_f_n_362959,97.74,241.9,212.6,107.0,0.159,3,0.059,0.0484,65
ckmk_d_ict_f_n_362960,84.63,220.5,226.7,109.7,0.153,0,0.0709,0.0611,70
ckmk_d_ict_f_n_362962,75.53,226.4,208.4,112.2,0.198,1,0.0523,0.0496,75
ckmk_d_ict_f_n_363723,112.54,287.9,196.2,65.6,0.17,4,0.0504,0.0386,65
ckmk_d_ict_f_n_363724,103.47,288.8,201.8,70.8,0.143,3,0.05,0.0381,72
ckmk_d_ict_f_n_363726,113.08,309.9,202.8,67.3,0.137,2,0.0536,0.0394,76
ckmk_d_ict_f_n_363730,102.3,315.0,206.9,65.8,0.124,1,0.0598,0.0411,72
ckmk_d_ict_f_n_363731,107.97,306.2,214.9,68.7,0.132,2,0.0536,0.0409,73
ckmk_d_ict_f_n_363863,99.06,286.5,214.3,73.0,0.161,4,0.0558,0.0508,65
ckmk_d_ict_f_n_363865,106.12,307.0,216.2,68.9,0.13,2,0.0537,0.0419,75
ckmk_d_ict_f_n_363867,102.6,308.2,223.5,70.1,0.123,1,0.0561,0.0434,75
ckmk_d_ict_f_n_363868,101.11,290.8,228.6,75.5,0.136,2,0.0521,0.0415,72
ckmk_d_ict_f_n_363869,104.45,302.7,220.6,67.9,0.132,2,0.0571,0.0471,73
ckmk_d_ict_f_n_363870,106.62,304.4,218.2,67.3,0.126,0,0.0604,0.0418,72
ckmk_d_ict_f_n_364423,89.25,162.0,224.8,83.0,0.324,9,0.1145,0.1243,70
ckmk_d_ict_f_n_364963,118.44,235.1,196.8,80.9,0.123,1,0.0469,0.0368,65
ckmk_d_ict_f_n_364964,119.36,248.3,199.4,77.9,0.088,1,0.0464,0.0352,70
ckmk_d_ict_f_n_364970,116.2,238.6,207.0,80.1,0.124,1,0.0481,0.039,72
ckmk_d_ict_f_n_364971,120.69,229.2,213.6,90.8,0.151,3,0.0444,0.0372,65
ckmk_d_ict_f_n_364972,116.17,225.2,210.2,90.7,0.138,2,0.0452,0.0353,67
ckmk_d_ict_f_n_366703,113.14,189.9,223.8,95.4,0.239,1,0.0457,0.0458,60
ckmk_d_ict_f_n_366704,113.56,202.9,240.2,90.4,0.201,3,0.0507,0.0455,65
ckmk_d_ict_f_n_366705,120.84,197.6,234.3,97.5,0.272,8,0.042,0.0437,73
ckmk_d_ict_f_n_366708,115.84,197.9,222.3,97.2,0.273,7,0.0445,0.0479,75
ckmk_d_ict_f_n_366709,109.18,203.3,233.4,91.8,0.239,4,0.0458,0.0432,72
ckmk_d_ict_f_n_366710,109.34,186.6,221.2,89.8,0.289,8,0.047,0.0527,65
ckmk_d_ict_f_n_366711,113.69,194.7,231.4,100.7,0.227,5,0.0396,0.0381,67
ckmk_d_ict_f_n_366853,83.25,302.7,186.4,76.1,0.128,0,0.0541,0.0404,74
ckmk_d_ict_f_n_366855,73.22,294.2,184.6,71.2,0.111,1,0.0583,0.0426,72
ckmk_d_ict_f_n_366856,78.64,284.6,187.8,69.9,0.106,1,0.0569,0.0417,72
ckmk_d_ict_f_n_366859,78.7,317.9,186.9,68.5,0.079,0,0.0582,0.0413,73
ckmk_d_ict_f_n_366860,95.64,286.7,202.8,71.5,0.095,1,0.0616,0.0447,72
ckmk_d_ict_f_n_366861,83.85,324.2,187.8,72.1,0.097,0,0.0541,0.0398,65
ckmk_d_ict_f_n_367073,111.56,205.4,233.0,92.8,0.203,1,0.0482,0.0446,65
ckmk_d_ict_f_n_367074,116.96,226.2,245.9,96.0,0.21,3,0.0526,0.0502,67
ckmk_d_ict_f_n_367075,111.86,199.0,238.2,94.9,0.244,5,0.0457,0.0473,62
ckmk_d_ict_f_n_367076,113.32,210.7,245.0,102.8,0.246,4,0.0474,0.0476,70
ckmk_d_ict_f_n_367077,117.85,191.9,246.3,94.9,0.205,4,0.0623,0.0583,75
ckmk_d_ict_f_n_367079,106.88,197.6,204.9,101.3,0.242,3,0.0464,0.0448,65
ckmk_d_ict_f_n_367080,106.45,201.8,192.7,100.6,0.27,7,0.0401,0.0405,64
ckmk_d_ict_f_n_367081,112.48,178.2,211.2,101.1,0.275,6,0.0451,0.0472,65
ckmk_d_ict_f_n_370363,53.52,234.3,212.8,65.0,0.158,0,0.053,0.043,75
ckmk_d_ict_f_n_370365,73.73,240.9,212.3,62.8,0.165,0,0.0544,0.046,75
ckmk_d_ict_f_n_370367,60.45,232.3,220.8,73.2,0.144,0,0.0545,0.0444,78
ckmk_d_ict_f_n_370368,53.05,235.2,212.3,62.4,0.197,3,0.0516,0.0491,65
ckmk_d_ict_f_n_370369,59.28,242.9,217.5,63.0,0.157,0,0.0533,0.0428,83
ckmk_d_ict_f_n_370371,61.76,248.7,215.0,60.8,0.157,0,0.0484,0.0388,75
ckmk_d_ict_f_n_370372,54.7,228.2,208.0,63.8,0.195,0,0.0506,0.0436,80
ckmk_d_ict_f_n_370923,115.14,212.1,216.3,81.2,0.158,2,0.0455,0.0388,62
ckmk_d_ict_f_n_370924,117.94,204.0,219.9,83.2,0.194,3,0.0437,0.0415,74
ckmk_d_ict_f_n_370925,117.38,211.1,217.4,83.5,0.233,5,0.044,0.047,62
ckmk_d_ict_f_n_370926,116.96,200.1,224.8,83.6,0.253,6,0.0375,0.0395,67
ckmk_d_ict_f_n_370927,119.08,200.0,222.8,86.4,0.247,3,0.0397,0.041,75
ckmk_d_ict_f_n_370928,113.64,209.1,220.0,83.8,0.21,6,0.0392,0.036,73
ckmk_d_ict_f_n_370930,117.29,208.7,220.7,85.5,0.237,6,0.0404,0.0399,72
ckmk_d_ict_f_n_370931,116.38,210.9,219.8,83.1,0.227,7,0.0382,0.0365,65
ckmk_d_ict_f_n_371123,67.78,327.5,185.5,66.4,0.073,0,0.0571,0.0393,70
ckmk_d_ict_f_n_371124,77.48,291.2,195.3,73.6,0.129,2,0.0521,0.0407,65
ckmk_d_ict_f_n_371125,99.36,285.0,203.9,73.9,0.093,1,0.0572,0.0426,65
ckmk_d_ict_f_n_371129,54.14,308.1,193.4,74.2,0.096,0,0.0549,0.0393,75
ckmk_d_ict_f_n_371130,58.74,316.6,201.6,71.3,0.121,0,0.0534,0.0389,70
ckmk_d_ict_f_n_371214,34.68,171.3,199.8,67.8,0.377,3,0.0788,0.0846,73
ckmk_d_ict_f_n_371434,56.73,227.4,211.5,66.8,0.201,1,0.0496,0.0444,75
ckmk_d_ict_f_n_371437,61.1,227.8,218.6,66.6,0.174,0,0.0509,0.0439,70
ckmk_d_ict_f_n_371438,49.4,236.8,213.2,60.0,0.194,1,0.05,0.0463,76
ckmk_d_ict_f_n_371439,68.38,239.5,203.8,68.3,0.175,1,0.0521,0.044,72
ckmk_d_ict_f_n_371442,60.98,241.1,212.3,71.1,0.154,0,0.0529,0.0452,75
ckmk_d_ict_f_n_371705,114.74,193.5,234.8,82.4,0.215,5,0.0425,0.0397,70
ckmk_d_ict_f_n_371706,114.48,214.9,241.0,81.8,0.198,4,0.0448,0.0452,75
ckmk_d_ict_f_n_371707,114.86,221.5,226.8,80.3,0.184,3,0.0449,0.039,67
ckmk_d_ict_f_n_371708,113.7,200.0,234.1,82.8,0.21,3,0.0425,0.0419,65
ckmk_d_ict_f_n_371709,115.14,211.0,234.0,87.6,0.186,6,0.0438,0.0405,75
ckmk_d_ict_f_n_371710,114.52,209.6,237.1,88.0,0.194,8,0.0422,0.0382,72
ckmk_d_ict_f_n_371711,110.06,202.3,235.5,84.8,0.181,5,0.0442,0.0399,72
ckmk_d_ict_f_n_371712,116.36,189.8,229.6,85.5,0.229,8,0.0419,0.0411,75
ckmk_d_ict_f_n_371983,114.78,220.1,238.5,80.0,0.172,4,0.0451,0.041,75
ckmk_d_ict_f_n_371984,115.46,204.2,239.2,87.8,0.19,4,0.0444,0.0422,72
ckmk_d_ict_f_n_371985,112.83,212.7,230.6,82.7,0.184,6,0.0457,0.0443,75
ckmk_d_ict_f_n_371986,116.78,215.8,232.7,84.5,0.186,6,0.0456,0.0465,75
ckmk_d_ict_f_n_371988,113.71,226.9,229.4,85.3,0.2,7,0.0424,0.0392,72
ckmk_d_ict_f_n_371990,115.2,227.1,236.5,86.8,0.187,5,0.0456,0.044,72
ckmk_d_ict_f_n_371991,111.06,225.8,233.0,85.6,0.178,6,0.0467,0.0413,65
ckmk_d_ict_f_n_371992,114.38,208.3,231.3,84.0,0.201,4,0.0442,0.044,67
ckmk_d_ict_f_n_372794,115.72,230.7,208.5,65.0,0.264,9,0.0433,0.0424,65
ckmk_d_ict_f_n_372795,117.45,228.4,217.7,69.4,0.282,10,0.0441,0.045,75
ckmk_d_ict_f_n_376004,118.51,216.2,227.5,79.9,0.215,5,0.0408,0.0433,72
ckmk_d_ict_f_n_376005,118.66,218.9,218.0,75.0,0.232,7,0.0426,0.0451,72
ckmk_d_ict_f_n_376006,118.8,222.7,219.9,80.9,0.237,10,0.0427,0.0458,72
ckmk_d_ict_f_n_376007,118.38,212.4,218.1,75.9,0.228,9,0.0399,0.0407,63
ckmk_d_ict_f_n_376008,118.83,222.7,216.4,74.8,0.228,7,0.044,0.0448,64
ckmk_d_ict_f_n_376009,118.97,221.4,214.1,87.9,0.211,6,0.045,0.0446,73
ckmk_d_ict_f_n_376011,118.32,215.0,220.4,76.1,0.245,7,0.0422,0.044,63
ckmk_d_ict_f_n_376012,118.64,219.5,219.7,74.9,0.223,5,0.0446,0.0424,67
ckmk_d_ict_f_n_377253,79.39,164.8,253.9,96.9,0.412,13,0.0295,0.0349,65
ckmk_d_ict_f_n_377254,80.43,180.5,237.3,77.0,0.301,7,0.0451,0.0432,65
ckmk_d_ict_f_n_377255,78.89,197.7,238.2,76.2,0.269,3,0.0448,0.041,72
ckmk_d_ict_f_n_377256,80.26,186.1,242.2,78.0,0.352,7,0.0394,0.0432,72
ckmk_d_ict_f_n_377258,80.09,167.1,217.9,64.3,0.419,11,0.0368,0.0447,65
ckmk_d_ict_f_n_377343,79.18,145.5,222.6,66.8,0.46,14,0.0322,0.0399,72
ckmk_d_ict_f_n_377344,80.92,155.7,214.9,57.0,0.415,13,0.0355,0.0418,70
ckmk_d_ict_f_n_377345,79.54,196.1,225.1,60.1,0.343,8,0.0434,0.0483,65
ckmk_d_ict_f_n_377348,80.78,156.7,228.6,70.6,0.39,14,0.038,0.0423,73
ckmk_d_ict_f_n_377349,79.44,200.9,229.3,69.0,0.221,5,0.0537,0.0446,65
ckmk_d_ict_f_n_377350,80.03,180.7,227.7,63.4,0.331,10,0.041,0.0411,65
ckmk_d_ict_f_n_377351,80.4,164.9,221.8,56.3,0.411,13,0.0368,0.0414,75
ckmk_d_ict_f_n_377352,80.47,178.2,232.3,67.7,0.324,11,0.0419,0.0439,74
ckmk_d_ict_f_n_379663,116.69,244.8,211.6,66.8,0.26,10,0.0422,0.0412,72
ckmk_d_ict_f_n_379664,117.9,240.2,204.3,65.8,0.277,9,0.0438,0.0429,67
ckmk_d_ict_f_n_379665,117.76,257.8,214.4,64.4,0.212,5,0.0499,0.0471,73
ckmk_d_ict_f_n_379668,116.47,240.1,210.0,69.1,0.28,10,0.0472,0.0494,72
ckmk_d_ict_f_n_379669,115.54,233.7,219.1,71.8,0.244,8,0.0446,0.0439,72
ckmk_d_ict_f_n_379670,62.44,220.1,204.7,65.8,0.274,3,0.0389,0.0384,75
ckmk_d_ict_f_n_379671,117.12,219.8,208.9,68.9,0.303,7,0.0423,0.045,65
ckmk_d_ict_f_n_379672,117.4,235.1,217.3,72.3,0.276,8,0.0426,0.0429,67
ckmk_d_ict_f_n_379983,73.22,310.6,199.4,73.9,0.148,1,0.0527,0.043,65
ckmk_d_ict_f_n_379985,71.24,290.6,194.7,71.1,0.159,0,0.0509,0.0449,65
ckmk_d_ict_f_n_379986,77.98,305.5,180.3,62.7,0.109,1,0.0569,0.0405,72
ckmk_d_ict_f_n_379988,92.38,276.7,188.9,72.9,0.177,2,0.0522,0.0418,64
ckmk_d_ict_f_n_379989,72.12,288.7,194.3,74.9,0.161,1,0.0448,0.0388,65
ckmk_d_ict_f_n_379990,79.8,310.5,193.2,77.0,0.105,0,0.0529,0.0433,70
ckmk_d_ict_f_n_380663,84.89,306.7,202.3,79.0,0.139,1,0.0502,0.0423,65
ckmk_d_ict_f_n_380664,76.4,310.2,185.0,68.3,0.133,1,0.0515,0.0426,73
ckmk_d_ict_f_n_380665,67.45,308.7,199.0,72.8,0.121,0,0.0524,0.0412,70
ckmk_d_ict_f_n_381174,101.8,220.4,212.2,69.1,0.268,4,0.0501,0.0525,65
ckmk_d_ict_f_n_381175,106.98,230.5,228.6,84.2,0.22,2,0.0438,0.0373,74
ckmk_d_ict_f_n_381176,72.22,197.7,241.8,84.5,0.307,6,0.0414,0.0431,75
ckmk_d_ict_f_n_381177,106.04,223.5,232.2,79.2,0.216,3,0.0496,0.043,63
ckmk_d_ict_f_n_381178,106.44,226.0,235.8,88.7,0.205,2,0.0526,0.0454,64
ckmk_d_ict_f_n_381179,113.97,244.3,236.1,78.9,0.191,1,0.0473,0.0394,74
ckmk_d_ict_f_n_381180,106.0,186.8,231.2,80.7,0.3,8,0.0459,0.0451,65
ckmk_d_ict_f_n_381453,93.86,170.7,192.4,78.1,0.402,16,0.0324,0.0403,63
ckmk_d_ict_f_n_381455,114.12,176.1,183.9,78.0,0.405,14,0.0311,0.0408,65
ckmk_d_ict_f_n_381456,93.0,187.1,198.0,87.4,0.35,10,0.0384,0.0445,75
ckmk_d_ict_f_n_381457,112.18,180.2,190.4,79.4,0.407,18,0.0352,0.0453,67
ckmk_d_ict_f_n_381458,90.46,192.4,189.2,78.0,0.363,13,0.0376,0.046,65
ckmk_d_ict_f_n_381459,93.56,175.7,180.8,75.6,0.396,10,0.0364,0.0476,62
ckmk_d_ict_f_n_381460,97.12,207.0,192.4,82.5,0.351,14,0.0363,0.0429,62
ckmk_d_ict_f_n_381461,95.64,185.7,187.2,81.8,0.292,8,0.045,0.0468,73
ckmk_d_ict_f_n_381462,101.92,179.0,185.9,81.8,0.38,11,0.0371,0.0472,60
ckmk_d_ict_f_n_381463,107.5,223.8,220.2,79.4,0.207,0,0.0476,0.0425,65
ckmk_d_ict_f_n_381464,112.86,224.9,230.4,83.4,0.201,1,0.0492,0.0429,72
ckmk_d_ict_f_n_381466,106.21,210.1,226.3,80.7,0.234,3,0.0405,0.0377,65
ckmk_d_ict_f_n_381467,109.69,226.5,214.0,74.4,0.186,0,0.058,0.0475,74
ckmk_d_ict_f_n_381468,110.46,224.9,222.1,82.1,0.195,0,0.0487,0.0412,73
ckmk_d_ict_f_n_381469,110.96,204.9,224.6,82.4,0.289,6,0.0436,0.0466,67
ckmk_d_ict_f_n_381471,110.42,198.3,229.4,82.1,0.235,5,0.0504,0.0463,65
ckmk_d_ict_f_n_381472,103.53,183.7,202.7,72.3,0.35,11,0.0428,0.0444,65
ckmk_d_ict_f_n_381914,110.05,214.8,209.7,74.5,0.25,4,0.0512,0.0478,67
ckmk_d_ict_f_n_381915,102.98,199.3,193.0,79.3,0.24,2,0.0513,0.0476,63
ckmk_d_ict_f_n_381916,111.18,225.6,195.8,85.3,0.257,2,0.0446,0.0416,70
ckmk_d_ict_f_n_381917,112.1,262.8,193.8,88.2,0.202,1,0.0526,0.0478,67
ckmk_d_ict_f_n_381918,101.33,204.9,202.3,85.2,0.279,4,0.0456,0.0462,70
ckmk_d_ict_f_n_381919,117.78,204.3,197.9,79.1,0.24,5,0.0475,0.0468,74
ckmk_d_ict_f_n_381921,114.62,232.9,192.1,85.6,0.257,7,0.0435,0.0415,64
ckmk_d_ict_f_n_381922,115.92,240.7,212.3,80.5,0.189,2,0.0469,0.0387,65
ckmk_d_ict_f_n_382261,37.72,257.7,290.7,130.6,0.151,1,0.0411,0.0361,67
ckmk_d_ict_f_n_382323,113.86,225.5,217.4,61.2,0.28,4,0.0416,0.0416,65
ckmk_d_ict_f_n_382324,93.15,215.8,191.8,71.9,0.224,2,0.0414,0.0372,70
ckmk_d_ict_f_n_382325,105.18,229.9,228.6,65.6,0.274,4,0.0439,0.0416,72
ckmk_d_ict_f_n_382326,110.18,220.0,208.7,65.5,0.243,6,0.0433,0.0383,64
ckmk_d_ict_f_n_382327,112.54,197.8,207.5,65.0,0.281,9,0.0361,0.0355,63
ckmk_d_ict_f_n_382328,106.68,235.1,221.0,68.7,0.285,8,0.0451,0.0444,64
ckmk_d_ict_f_n_382330,107.96,208.4,217.6,68.6,0.271,5,0.0494,0.0472,70
ckmk_d_ict_f_n_382332,112.62,206.2,214.0,63.1,0.309,9,0.0413,0.0436,65
ckmk_d_ict_f_n_382373,82.55,300.2,183.7,70.4,0.112,1,0.0588,0.0463,73
ckmk_d_ict_f_n_382374,61.14,308.1,193.3,71.4,0.107,1,0.0551,0.0427,65
ckmk_d_ict_f_n_382375,72.18,276.8,201.0,67.0,0.142,1,0.0522,0.0424,65
ckmk_d_ict_f_n_382376,72.92,304.4,207.0,66.9,0.157,1,0.0538,0.044,65
ckmk_d_ict_f_n_382377,75.9,333.6,200.9,68.7,0.137,1,0.0513,0.0416,65
ckmk_d_ict_f_n_382474,107.12,226.8,227.9,70.7,0.283,8,0.0419,0.0417,65
ckmk_d_ict_f_n_382475,82.28,230.4,222.3,71.6,0.272,5,0.047,0.0454,64
ckmk_d_ict_f_n_382476,101.76,219.9,210.3,66.5,0.293,4,0.037,0.0372,65
ckmk_d_ict_f_n_382478,116.86,225.9,224.4,71.6,0.247,3,0.0436,0.0393,65
ckmk_d_ict_f_n_382479,97.16,201.3,213.3,68.3,0.255,3,0.0438,0.0414,72
ckmk_d_ict_f_n_382480,108.88,235.3,218.5,67.4,0.269,6,0.0381,0.0366,75
ckmk_d_ict_f_n_382481,104.54,231.9,218.3,68.8,0.222,5,0.0478,0.0421,65
ckmk_d_ict_f_n_382482,107.5,238.3,223.3,73.6,0.225,5,0.0517,0.0467,60
ckmk_d_ict_f_n_382793,81.44,222.5,200.0,74.2,0.139,1,0.0554,0.0397,73
ckmk_d_ict_f_n_382795,58.47,200.1,196.6,73.5,0.181,3,0.0524,0.0407,75
ckmk_d_ict_f_n_382797,37.56,201.3,203.7,67.1,0.169,0,0.0483,0.0371,75
ckmk_d_ict_f_n_382799,27.9,202.2,209.6,70.4,0.186,1,0.0452,0.0377,82
ckmk_d_ict_f_n_382800,26.89,214.2,217.1,82.3,0.152,0,0.0464,0.0365,70
ckmk_d_ict_f_n_382801,30.72,209.0,222.2,81.0,0.126,0,0.0483,0.0402,75
ckmk_d_ict_f_n_382802,27.64,191.0,226.5,85.5,0.183,0,0.0443,0.0351,82
ckmk_d_ict_f_n_382923,63.24,210.6,191.4,78.5,0.166,3,0.0496,0.0384,76
ckmk_d_ict_f_n_382924,50.77,222.2,195.7,79.3,0.142,1,0.0513,0.0365,72
ckmk_d_ict_f_n_382927,55.62,203.9,194.0,77.7,0.191,1,0.0498,0.0386,74
ckmk_d_ict_f_n_382928,43.34,202.1,201.0,76.8,0.154,0,0.0486,0.038,75
ckmk_d_ict_f_n_382929,46.88,204.8,210.4,84.7,0.194,0,0.0478,0.0393,74
ckmk_d_ict_f_n_382930,28.82,229.0,206.2,75.9,0.132,0,0.0482,0.0339,78
ckmk_d_ict_f_n_382983,50.67,234.5,202.9,72.9,0.187,1,0.0501,0.0455,75
ckmk_d_ict_f_n_382984,49.98,217.3,206.6,78.6,0.24,2,0.0428,0.0428,74
ckmk_d_ict_f_n_382985,46.0,236.1,205.9,76.0,0.209,1,0.0399,0.0369,75
ckmk_d_ict_f_n_382986,52.23,232.1,206.2,72.2,0.2,2,0.043,0.039,75
ckmk_d_ict_f_n_382987,71.43,222.6,203.2,76.1,0.212,2,0.0473,0.0433,72
ckmk_d_ict_f_n_382988,40.92,237.5,205.4,69.1,0.205,1,0.0422,0.0392,75
ckmk_d_ict_f_n_382989,47.81,222.1,207.5,78.8,0.234,2,0.0455,0.0448,75
ckmk_d_ict_f_n_382990,45.48,220.3,214.1,85.8,0.19,0,0.0434,0.0403,73
ckmk_d_ict_f_n_382991,68.01,222.3,217.6,80.4,0.233,3,0.0465,0.0464,72
ckmk_d_ict_f_n_382992,57.1,224.9,211.2,76.1,0.223,3,0.0469,0.0448,72
ckmk_d_ict_f_n_383085,61.76,204.0,195.8,73.7,0.173,1,0.0471,0.038,72
ckmk_d_ict_f_n_383086,33.72,204.6,193.2,67.2,0.173,0,0.0476,0.0373,75
ckmk_d_ict_f_n_383087,77.2,213.0,196.8,64.0,0.132,1,0.054,0.0403,70
ckmk_d_ict_f_n_383088,38.2,223.0,200.9,67.6,0.14,1,0.0487,0.037,82
ckmk_d_ict_f_n_383090,32.9,206.1,200.4,60.1,0.142,0,0.0524,0.0376,82
ckmk_d_ict_f_n_383092,37.94,234.1,193.5,59.9,0.099,0,0.0506,0.0351,85
ckmk_d_ict_f_n_383224,30.1,199.3,198.1,84.1,0.215,0,0.0422,0.0384,72
ckmk_d_ict_f_n_383225,48.32,201.2,190.7,77.8,0.202,0,0.0435,0.0369,75
ckmk_d_ict_f_n_383227,81.96,225.5,188.6,71.7,0.123,1,0.0552,0.0387,75
ckmk_d_ict_f_n_383228,67.18,199.2,185.4,68.5,0.227,2,0.048,0.0417,67
ckmk_d_ict_f_n_383230,34.36,211.3,191.4,75.0,0.166,0,0.0476,0.0351,72
ckmk_d_ict_f_n_383231,53.54,225.3,187.1,60.2,0.136,1,0.0523,0.0371,75
ckmk_d_ict_f_n_383232,31.27,186.1,193.9,71.6,0.242,0,0.0415,0.035,72
ckmk_d_ict_f_n_383671,24.36,273.4,243.2,43.8,0.289,1,0.0257,0.0218,75
ckmk_d_ict_f_n_383672,21.94,243.4,236.4,44.4,0.256,1,0.0295,0.0249,65
ckmk_d_ict_f_n_384054,119.89,265.7,222.4,74.6,0.192,2,0.0478,0.0427,65
ckmk_d_ict_f_n_384056,108.38,235.8,229.0,86.7,0.2,0,0.0419,0.0367,70
ckmk_d_ict_f_n_384060,92.07,245.7,215.3,74.4,0.187,1,0.0522,0.0436,70
ckmk_d_ict_f_n_384062,109.68,222.1,220.5,76.3,0.226,2,0.042,0.0374,64
ckmk_d_ict_f_n_384083,105.36,221.0,228.5,86.6,0.188,1,0.053,0.048,73
ckmk_d_ict_f_n_384085,103.66,213.0,221.0,79.7,0.187,1,0.0564,0.0476,65
ckmk_d_ict_f_n_384086,102.31,229.9,219.7,80.5,0.246,2,0.0443,0.0438,75
ckmk_d_ict_f_n_384087,76.75,210.3,216.6,78.3,0.255,2,0.0429,0.0422,65
ckmk_d_ict_f_n_384088,102.09,218.0,213.8,79.0,0.185,1,0.0515,0.0451,72
ckmk_d_ict_f_n_384089,119.32,238.4,217.0,81.1,0.181,1,0.0496,0.0413,74
ckmk_d_ict_f_n_384091,105.18,239.0,224.4,77.6,0.211,1,0.0459,0.043,65
ckmk_d_ict_f_n_384092,107.52,215.4,213.0,72.1,0.229,1,0.0502,0.0453,73
ckmk_d_ict_f_n_384093,110.71,189.1,206.5,66.5,0.251,2,0.0414,0.0401,65
ckmk_d_ict_f_n_384094,115.92,202.9,212.6,78.0,0.28,2,0.0455,0.05,70
ckmk_d_ict_f_n_384095,117.83,241.9,229.1,78.8,0.224,3,0.0443,0.0389,65
ckmk_d_ict_f_n_384097,107.62,245.3,227.9,89.7,0.233,2,0.0428,0.0406,65
ckmk_d_ict_f_n_384100,113.5,250.6,225.2,78.8,0.161,0,0.0499,0.0393,72
ckmk_d_ict_f_n_384102,109.76,223.0,225.1,77.8,0.213,0,0.0474,0.0427,62
ckmk_d_ict_f_n_384123,66.06,288.8,260.7,84.7,0.124,1,0.0544,0.044,65
ckmk_d_ict_f_n_384124,59.2,286.8,265.9,88.9,0.142,1,0.0535,0.0427,65
ckmk_d_ict_f_n_384125,70.38,264.3,259.8,89.9,0.216,2,0.0497,0.0462,65
ckmk_d_ict_f_n_384126,73.8,269.1,264.5,88.1,0.164,0,0.0552,0.046,75
ckmk_d_ict_f_n_384127,61.72,257.6,257.6,96.8,0.226,2,0.0471,0.0442,72
ckmk_d_ict_f_n_384129,67.84,310.4,269.1,86.1,0.129,0,0.0566,0.0439,72
ckmk_d_ict_f_n_384130,64.62,252.6,259.3,87.7,0.186,0,0.0471,0.0401,70
ckmk_d_ict_f_n_384131,70.0,270.0,258.6,90.0,0.163,1,0.0525,0.0463,72
ckmk_d_ict_f_n_384132,56.34,278.0,265.5,91.5,0.186,0,0.0491,0.0411,65
ckmk_d_ict_f_n_384134,60.91,284.7,255.3,88.4,0.153,0,0.0547,0.0472,62
ckmk_d_ict_f_n_384135,58.04,296.7,259.3,88.2,0.15,0,0.0509,0.0424,64
ckmk_d_ict_f_n_384136,65.14,263.4,255.8,92.3,0.226,3,0.049,0.0436,67
ckmk_d_ict_f_n_384137,54.84,275.7,248.4,91.7,0.18,2,0.0488,0.042,65
ckmk_d_ict_f_n_384138,61.4,304.9,263.4,91.1,0.174,1,0.0523,0.0444,63
ckmk_d_ict_f_n_384139,57.5,279.7,262.9,87.4,0.189,1,0.0493,0.0441,64
ckmk_d_ict_f_n_384140,83.16,303.0,252.4,86.6,0.164,2,0.0517,0.0442,65
ckmk_d_ict_f_n_384141,58.28,265.6,257.8,90.9,0.213,3,0.0685,0.0826,70
ckmk_d_ict_f_n_384142,60.42,276.1,254.1,90.4,0.144,2,0.0487,0.0391,72
ckmk_d_ict_f_n_384243,60.82,250.6,256.2,98.5,0.247,4,0.0452,0.0413,75
ckmk_d_ict_f_n_384244,63.23,316.9,258.0,89.6,0.174,2,0.0503,0.0393,70
ckmk_d_ict_f_n_384245,63.24,278.0,250.0,88.3,0.214,1,0.0468,0.0406,65
ckmk_d_ict_f_n_384247,58.36,287.9,247.4,80.7,0.173,3,0.06,0.0537,65
ckmk_d_ict_f_n_384249,60.41,279.1,262.7,81.5,0.166,1,0.0543,0.0408,65
ckmk_d_ict_f_n_384250,62.8,305.7,260.1,85.4,0.162,0,0.055,0.0456,70
ckmk_d_ict_f_n_384251,62.54,261.0,253.9,84.5,0.226,4,0.05,0.0422,64
ckmk_d_ict_f_n_384263,106.14,228.4,212.7,76.9,0.2,1,0.0471,0.0415,74
ckmk_d_ict_f_n_384264,105.34,221.6,219.0,79.1,0.197,2,0.0556,0.0516,65
ckmk_d_ict_f_n_384265,103.88,211.4,223.6,77.3,0.273,5,0.0459,0.0451,65
ckmk_d_ict_f_n_384266,110.99,228.1,226.8,79.3,0.239,4,0.0476,0.0463,65
ckmk_d_ict_f_n_384267,112.99,216.7,220.3,84.7,0.271,6,0.0419,0.0411,62
ckmk_d_ict_f_n_384268,114.82,244.0,224.2,82.9,0.199,1,0.0512,0.0426,74
ckmk_d_ict_f_n_384269,107.51,223.8,220.6,77.5,0.221,3,0.0411,0.0367,65
ckmk_d_ict_f_n_384270,113.17,217.4,219.2,79.3,0.251,7,0.0489,0.0458,63
ckmk_d_ict_f_n_384271,69.64,230.9,229.7,85.0,0.167,0,0.0571,0.0467,75
ckmk_d_ict_f_n_384333,58.33,298.3,263.1,81.2,0.13,1,0.0582,0.0448,74
ckmk_d_ict_f_n_384334,64.44,295.2,250.8,82.9,0.179,3,0.0563,0.0439,65
ckmk_d_ict_f_n_384335,63.76,257.8,245.7,88.0,0.23,0,0.0585,0.0584,67
ckmk_d_ict_f_n_384336,75.68,291.0,257.2,86.3,0.186,2,0.0635,0.0638,73
ckmk_d_ict_f_n_384553,27.9,324.7,238.3,51.9,0.115,0,0.0502,0.034,75
ckmk_d_ict_f_n_384554,22.96,271.8,229.3,53.6,0.183,0,0.0471,0.035,76
ckmk_d_ict_f_n_384555,24.44,306.9,240.3,51.2,0.146,0,0.0524,0.0371,74
ckmk_d_ict_f_n_384613,65.22,272.3,269.5,85.6,0.151,1,0.0504,0.0406,72
ckmk_d_ict_f_n_384614,62.46,314.1,271.1,84.3,0.142,1,0.0593,0.0468,72
ckmk_d_ict_f_n_384615,68.39,268.5,254.2,76.4,0.136,1,0.0545,0.0418,72
ckmk_d_ict_f_n_384617,58.63,286.5,251.9,75.4,0.112,2,0.0502,0.0374,72
ckmk_d_ict_f_n_384618,71.54,270.9,249.7,83.6,0.194,3,0.0515,0.0438,62
ckmk_d_ict_f_n_384619,63.52,303.2,258.0,80.3,0.116,1,0.0509,0.0384,72
ckmk_d_ict_f_n_384620,61.77,287.5,256.7,76.9,0.129,0,0.0548,0.0408,63
ckmk_d_ict_f_n_384621,66.56,293.0,250.8,82.0,0.183,1,0.051,0.0418,73
ckmk_d_ict_f_n_384622,65.5,333.4,263.0,75.9,0.139,1,0.0577,0.0426,72
ckmk_d_ict_f_n_384635,67.85,267.9,253.8,76.8,0.136,0,0.055,0.0432,65
ckmk_d_ict_f_n_384636,66.24,294.4,258.6,81.4,0.115,0,0.0535,0.0415,72
ckmk_d_ict_f_n_384638,64.4,278.6,267.0,86.5,0.157,0,0.0512,0.0399,65
ckmk_d_ict_f_n_384640,57.89,310.9,250.9,72.3,0.085,0,0.0536,0.0364,74
ckmk_d_ict_f_n_384641,67.67,274.9,261.7,76.4,0.103,0,0.0558,0.0393,67
ckmk_d_ict_f_n_387393,33.98,266.6,244.3,46.2,0.255,2,0.0203,0.0168,72
ckmk_d_ict_f_n_387394,30.5,247.9,251.8,33.6,0.335,3,0.0194,0.0177,75
ckmk_d_ict_f_n_387395,33.7,286.6,247.5,40.5,0.227,1,0.0235,0.018,75
ckmk_d_ict_f_n_387396,28.32,286.0,253.4,42.1,0.177,0,0.024,0.0174,70
ckmk_d_ict_f_n_387399,28.5,244.2,246.4,40.4,0.317,1,0.0199,0.0184,70
ckmk_d_ict_f_n_387401,39.98,220.6,264.6,52.7,0.312,2,0.0189,0.019,65
ckmk_d_ict_f_n_387403,25.73,305.5,243.4,51.6,0.188,1,0.0233,0.0178,75
ckmk_d_ict_f_n_387404,18.68,314.8,243.2,48.8,0.183,0,0.0243,0.0184,75
ckmk_d_ict_f_n_387405,24.51,244.8,257.3,50.1,0.33,1,0.02,0.0197,75
ckmk_d_ict_f_n_387406,26.1,280.5,251.8,50.4,0.226,2,0.0233,0.0193,76
ckmk_d_ict_f_n_387407,19.58,281.9,242.9,37.2,0.204,1,0.0232,0.0179,72
ckmk_d_ict_f_n_387408,26.26,255.9,248.1,41.4,0.346,3,0.0194,0.0184,72
ckmk_d_ict_f_n_387409,18.39,332.8,240.3,36.6,0.172,0,0.0223,0.0174,85
ckmk_d_ict_f_n_387410,25.75,249.3,246.2,41.1,0.355,0,0.0208,0.0202,70
ckmk_d_ict_f_n_387411,39.92,269.0,248.0,43.8,0.276,2,0.0222,0.0196,75
ckmk_d_ict_f_n_387412,36.83,290.0,241.6,46.8,0.209,1,0.0248,0.0195,72
ckmk_d_ict_f_n_387533,119.87,278.8,223.5,72.3,0.084,1,0.0592,0.0386,65
ckmk_d_ict_f_n_387534,116.42,276.2,223.7,69.4,0.075,1,0.0625,0.0426,65
ckmk_d_ict_f_n_387535,116.2,273.7,228.6,75.9,0.095,0,0.0552,0.0385,72
ckmk_d_ict_f_n_387538,119.38,258.3,226.0,70.6,0.097,2,0.0506,0.0341,64
ckmk_d_ict_f_n_387539,119.42,259.3,227.7,70.3,0.099,0,0.0638,0.0405,75
ckmk_d_ict_f_n_387540,119.53,263.0,225.8,73.4,0.095,0,0.0573,0.0407,72
ckmk_d_ict_f_n_387541,119.74,268.1,223.2,76.9,0.091,0,0.0575,0.0391,73
ckmk_d_ict_f_n_387542,118.94,282.0,223.7,73.1,0.087,0,0.0547,0.0384,75
ckmk_d_ict_f_n_389003,91.46,219.8,192.7,72.7,0.335,11,0.0365,0.0402,65
ckmk_d_ict_f_n_389004,89.66,216.8,206.1,79.2,0.305,9,0.04,0.0453,60
ckmk_d_ict_f_n_389005,108.96,224.1,196.3,71.7,0.279,11,0.0419,0.0437,65
ckmk_d_ict_f_n_389006,106.27,190.3,205.6,74.9,0.384,15,0.0321,0.0412,60
ckmk_d_ict_f_n_389007,95.18,211.8,201.5,69.4,0.33,13,0.0396,0.0453,67
ckmk_d_ict_f_n_389008,97.4,213.1,200.1,71.8,0.311,10,0.0391,0.0424,65
ckmk_d_ict_f_n_389009,90.08,205.8,191.4,63.8,0.294,9,0.0407,0.043,65
ckmk_d_ict_f_n_389010,109.12,213.3,189.2,57.5,0.345,13,0.0393,0.0459,57
ckmk_d_ict_f_n_389011,98.63,203.8,194.8,69.6,0.315,13,0.0384,0.0404,65
ckmk_d_ict_f_n_389012,95.47,205.5,198.6,78.8,0.322,10,0.0391,0.0421,65
ckmk_d_ict_f_n_389133,66.58,239.7,233.6,92.6,0.171,1,0.0519,0.0427,65
ckmk_d_ict_f_n_389134,60.02,212.9,219.5,87.9,0.198,2,0.0512,0.0458,64
ckmk_d_ict_f_n_389135,99.75,257.4,234.6,95.7,0.157,1,0.0471,0.04,65
ckmk_d_ict_f_n_389136,111.56,260.8,231.4,99.1,0.206,2,0.0463,0.0432,67
ckmk_d_ict_f_n_389140,93.59,274.4,237.2,86.5,0.145,0,0.0538,0.043,70
ckmk_d_ict_f_n_389141,98.32,253.3,242.3,93.6,0.125,0,0.0543,0.043,72
ckmk_d_ict_f_n_389142,112.34,245.7,239.3,89.7,0.182,1,0.0511,0.0469,73
ckmk_d_ict_f_n_389363,109.4,215.5,234.0,94.8,0.239,4,0.0423,0.0414,67
ckmk_d_ict_f_n_389364,101.39,229.6,243.2,93.5,0.154,0,0.0549,0.0449,65
ckmk_d_ict_f_n_389365,106.85,233.0,227.9,91.4,0.181,2,0.0482,0.0437,65
ckmk_d_ict_f_n_389366,100.18,250.9,234.5,88.8,0.176,0,0.0475,0.042,65
ckmk_d_ict_f_n_389367,118.22,260.9,256.4,98.4,0.129,0,0.0598,0.0469,75
ckmk_d_ict_f_n_389368,92.9,227.3,222.6,88.5,0.206,1,0.0496,0.0495,63
ckmk_d_ict_f_n_389369,112.28,219.1,246.8,95.8,0.218,3,0.0497,0.0466,72
ckmk_d_ict_f_n_389370,84.06,187.7,233.5,105.3,0.26,4,0.0409,0.0422,60
ckmk_d_ict_f_n_389371,90.32,209.3,232.8,88.9,0.241,4,0.0445,0.0434,62
ckmk_d_ict_f_n_389372,91.6,214.8,231.3,85.4,0.23,4,0.0445,0.0433,65
ckmk_d_ict_f_n_389553,87.18,217.5,248.8,90.2,0.225,3,0.0446,0.0443,65
ckmk_d_ict_f_n_389554,96.28,224.3,256.6,87.2,0.211,2,0.046,0.0447,76
ckmk_d_ict_f_n_389555,102.13,245.0,255.7,89.6,0.172,4,0.0462,0.0456,72
ckmk_d_ict_f_n_389556,93.06,239.2,269.5,93.2,0.183,2,0.0454,0.0445,75
ckmk_d_ict_f_n_389557,84.9,236.7,266.6,91.9,0.177,1,0.0484,0.0455,72
ckmk_d_ict_f_n_389558,92.48,229.7,255.1,84.3,0.179,3,0.0476,0.0445,73
ckmk_d_ict_f_n_389559,87.74,241.4,256.8,82.1,0.178,0,0.0526,0.0459,67
ckmk_d_ict_f_n_389560,98.56,227.7,255.5,87.4,0.232,4,0.0493,0.0495,62
ckmk_d_ict_f_n_389561,97.24,247.4,255.0,84.4,0.178,2,0.0461,0.0424,75
ckmk_d_ict_f_n_389562,87.36,237.0,247.0,84.1,0.2,2,0.0424,0.0379,72
ckmk_d_ict_f_n_389573,107.63,221.3,221.1,81.5,0.239,2,0.043,0.0424,70
ckmk_d_ict_f_n_389574,93.03,216.1,216.7,85.1,0.222,3,0.0467,0.0442,67
ckmk_d_ict_f_n_389575,105.34,260.3,232.9,88.1,0.176,1,0.0505,0.046,75
ckmk_d_ict_f_n_389576,111.7,241.7,242.9,92.9,0.183,2,0.0496,0.053,67
ckmk_d_ict_f_n_389577,114.06,228.3,231.3,92.4,0.231,1,0.0478,0.0482,70
ckmk_d_ict_f_n_389578,113.48,217.8,229.6,89.5,0.223,2,0.047,0.0439,65
ckmk_d_ict_f_n_389579,109.11,216.7,232.7,85.4,0.231,2,0.0491,0.053,73
ckmk_d_ict_f_n_389581,107.48,219.9,229.9,86.5,0.232,3,0.0464,0.0471,63
ckmk_d_ict_f_n_389582,113.62,222.8,246.2,93.7,0.24,5,0.042,0.0434,63
ckmk_d_ict_f_n_389653,97.64,256.2,240.2,91.0,0.171,1,0.0477,0.0405,72
ckmk_d_ict_f_n_389654,98.5,225.4,230.4,89.6,0.206,1,0.0448,0.0429,73
ckmk_d_ict_f_n_389683,77.36,218.7,228.2,84.4,0.212,2,0.0498,0.049,65
ckmk_d_ict_f_n_389684,84.62,234.0,232.1,86.3,0.188,0,0.0502,0.0475,65
ckmk_d_ict_f_n_389685,62.62,200.3,221.1,89.5,0.262,1,0.045,0.0523,65
ckmk_d_ict_f_n_389686,70.57,208.3,218.5,82.1,0.245,4,0.0436,0.0456,65
ckmk_d_ict_f_n_389687,65.82,220.6,233.8,89.3,0.204,0,0.0471,0.0429,72
ckmk_d_ict_f_n_389688,108.9,232.5,228.0,95.0,0.251,2,0.0409,0.0411,72
ckmk_d_ict_f_n_389690,105.5,185.4,199.5,69.2,0.36,13,0.037,0.0435,65
ckmk_d_ict_f_n_389691,114.28,226.3,219.4,82.1,0.189,2,0.0448,0.041,63
ckmk_d_ict_f_n_389692,97.82,245.3,225.6,85.2,0.21,1,0.0447,0.0431,70
ckmk_d_ict_f_n_389963,86.4,223.6,253.4,82.5,0.206,0,0.0491,0.0483,70
ckmk_d_ict_f_n_389964,109.96,228.6,258.2,88.1,0.216,3,0.0473,0.0458,65
ckmk_d_ict_f_n_389965,92.37,241.6,245.3,79.7,0.196,1,0.0487,0.0481,72
ckmk_d_ict_f_n_389966,88.39,243.0,253.5,84.1,0.181,2,0.0472,0.0449,63
ckmk_d_ict_f_n_389967,86.5,231.0,245.9,81.8,0.221,2,0.0464,0.0472,65
ckmk_d_ict_f_n_389968,79.26,196.1,236.6,77.1,0.2,1,0.046,0.0429,65
ckmk_d_ict_f_n_389969,87.98,249.6,244.5,80.1,0.183,1,0.0491,0.0495,73
ckmk_d_ict_f_n_389970,93.66,245.4,260.5,81.7,0.178,0,0.0492,0.0452,74
ckmk_d_ict_f_n_389971,95.74,223.7,248.8,85.2,0.182,1,0.0452,0.04,65
ckmk_d_ict_f_n_389972,104.98,230.9,252.6,88.2,0.235,3,0.0443,0.0425,72
ckmk_d_ict_f_n_391793,78.06,301.3,255.7,81.8,0.156,0,0.0553,0.0439,67
ckmk_d_ict_f_n_391794,59.18,265.6,250.2,91.4,0.189,0,0.0471,0.0387,70
ckmk_d_ict_f_n_391797,67.79,295.6,248.6,77.9,0.13,0,0.057,0.0424,70
ckmk_d_ict_f_n_391798,57.46,277.8,249.8,78.0,0.12,1,0.0539,0.0392,72
ckmk_d_ict_f_n_391799,67.84,301.6,249.0,76.6,0.133,1,0.0537,0.0397,72
ckmk_d_ict_f_n_391800,65.08,258.1,244.7,80.8,0.17,0,0.051,0.041,65
ckmk_d_ict_f_n_391801,73.98,296.8,254.9,76.8,0.122,1,0.0574,0.0414,64
ckmk_d_ict_f_n_391802,57.12,294.1,248.1,80.0,0.124,2,0.0501,0.0393,62
ckmk_d_ict_f_n_392253,66.14,295.7,244.8,67.7,0.145,0,0.0557,0.042,62
ckmk_d_ict_f_n_392254,53.5,290.5,245.7,68.6,0.102,0,0.0541,0.0367,75
ckmk_d_ict_f_n_392255,59.86,285.7,251.8,71.4,0.134,2,0.0629,0.0442,65
ckmk_d_ict_f_n_392256,72.98,286.1,246.4,77.1,0.177,1,0.0543,0.0425,65
ckmk_d_ict_f_n_392257,66.14,338.4,255.3,68.7,0.145,1,0.0574,0.0409,75
ckmk_d_ict_f_n_392259,59.8,359.2,263.8,67.2,0.134,1,0.0596,0.0387,75
ckmk_d_ict_f_n_392523,59.89,261.5,239.3,77.8,0.194,2,0.0512,0.0398,65
ckmk_d_ict_f_n_392524,64.72,330.0,260.2,67.6,0.178,4,0.0639,0.0455,72
ckmk_d_ict_f_n_392525,60.56,282.4,247.9,73.3,0.194,1,0.052,0.0402,63
ckmk_d_ict_f_n_392526,80.1,313.1,254.6,73.3,0.145,2,0.0602,0.0439,70
ckmk_d_ict_f_n_392528,60.81,273.3,252.8,80.1,0.193,0,0.0581,0.0448,65
ckmk_d_ict_f_n_392529,60.62,301.9,247.9,70.9,0.177,2,0.0553,0.0426,65
ckmk_d_ict_f_n_392530,58.18,268.1,251.5,73.3,0.179,0,0.0561,0.0423,62
ckmk_d_ict_f_n_392531,63.03,337.9,252.3,70.6,0.119,0,0.0606,0.0412,65
ckmk_d_ict_f_n_392532,61.88,332.6,260.3,72.7,0.143,1,0.0584,0.0403,75
ckmk_d_ict_f_n_394433,112.26,261.9,228.7,83.1,0.163,1,0.0485,0.041,75
ckmk_d_ict_f_n_394434,119.51,259.6,245.9,88.7,0.166,0,0.0502,0.0422,72
ckmk_d_ict_f_n_394435,120.72,239.6,221.3,79.4,0.151,0,0.0492,0.0401,64
ckmk_d_ict_f_n_394436,96.48,220.1,220.1,81.3,0.187,0,0.0474,0.0399,60
ckmk_d_ict_f_n_394437,106.89,234.1,232.7,88.5,0.171,0,0.0524,0.0431,67
ckmk_d_ict_f_n_394439,62.2,254.7,241.9,85.6,0.157,1,0.046,0.0416,74
ckmk_d_ict_f_n_394442,113.4,225.9,223.8,87.9,0.185,2,0.046,0.0398,67
ckmk_d_ict_f_n_394783,98.2,260.3,238.1,88.0,0.149,0,0.0494,0.0426,72
ckmk_d_ict_f_n_394784,107.3,243.2,233.3,87.6,0.145,1,0.0513,0.0425,65
ckmk_d_ict_f_n_394785,108.59,239.2,233.9,88.1,0.189,1,0.0468,0.0463,72
ckmk_d_ict_f_n_394786,108.09,235.9,234.9,87.7,0.177,1,0.0475,0.0422,65
ckmk_d_ict_f_n_394787,66.59,254.1,224.2,82.6,0.154,0,0.0442,0.0369,73
ckmk_d_ict_f_n_394788,120.56,225.4,234.9,88.0,0.189,4,0.0513,0.0458,65
ckmk_d_ict_f_n_394789,104.97,229.2,228.2,86.3,0.165,2,0.0456,0.0399,73
ckmk_d_ict_f_n_394790,109.26,235.6,231.1,87.9,0.169,1,0.0477,0.0419,63
ckmk_d_ict_f_n_396263,94.16,205.8,190.3,72.7,0.337,10,0.0353,0.0392,73
ckmk_d_ict_f_n_396264,100.44,211.5,205.9,75.8,0.297,12,0.0378,0.0387,63
ckmk_d_ict_f_n_396265,99.31,210.3,200.8,77.4,0.328,15,0.0387,0.0437,62
ckmk_d_ict_f_n_396266,96.52,198.3,210.1,84.4,0.302,10,0.0354,0.0354,65
ckmk_d_ict_f_n_396267,108.07,211.5,201.3,78.4,0.313,14,0.036,0.0376,60
ckmk_d_ict_f_n_396269,114.02,204.7,211.9,81.5,0.311,14,0.0388,0.0414,65
ckmk_d_ict_f_n_396270,101.98,198.3,193.0,72.4,0.341,9,0.036,0.0397,65
ckmk_d_ict_f_n_396271,101.76,204.0,202.4,75.0,0.3,9,0.0385,0.0401,62
ckmk_d_ict_f_n_396272,99.88,212.7,194.2,73.8,0.327,11,0.0347,0.0387,63
ckmk_d_ict_f_n_398253,118.65,257.9,228.5,67.4,0.1,1,0.0541,0.0403,65
ckmk_d_ict_f_n_398254,113.14,270.5,232.5,65.5,0.096,1,0.0559,0.04,65
ckmk_d_ict_f_n_398255,118.9,257.9,229.5,73.4,0.096,0,0.0514,0.0374,75
ckmk_d_ict_f_n_398256,120.46,263.0,226.5,69.4,0.097,1,0.0543,0.0394,64
ckmk_d_ict_f_n_398257,118.92,269.9,219.9,70.1,0.098,0,0.0514,0.0392,74
ckmk_d_ict_f_n_398258,117.22,274.4,227.4,72.6,0.096,2,0.0531,0.0405,72
ckmk_d_ict_f_n_398259,119.62,261.8,233.1,75.3,0.093,0,0.0531,0.0419,74
ckmk_d_ict_f_n_398260,120.04,264.9,232.5,69.8,0.108,0,0.0543,0.0452,75
ckmk_d_ict_f_n_398261,118.87,271.6,228.6,71.8,0.09,0,0.0563,0.0453,72
ckmk_d_ict_f_n_398262,116.98,269.8,232.3,72.9,0.092,0,0.0505,0.0393,75
ckmk_d_ict_f_n_403593,97.32,212.7,196.9,77.3,0.338,11,0.0367,0.043,65
ckmk_d_ict_f_n_403594,97.94,202.8,180.9,73.2,0.364,11,0.0336,0.0403,65
ckmk_d_ict_f_n_403595,99.76,211.7,196.2,75.9,0.321,11,0.0358,0.0408,57
ckmk_d_ict_f_n_403596,108.46,193.6,191.5,77.3,0.387,16,0.0365,0.0451,65
ckmk_d_ict_f_n_403597,91.12,192.3,192.5,73.4,0.345,12,0.0402,0.0445,65
ckmk_d_ict_f_n_403598,98.88,222.1,194.0,71.3,0.318,10,0.04,0.0467,65
ckmk_d_ict_f_n_403599,92.88,226.1,196.3,75.9,0.286,7,0.0379,0.0415,65
ckmk_d_ict_f_n_403600,102.66,219.2,197.0,77.6,0.278,9,0.0413,0.0448,63
ckmk_d_ict_f_n_403601,93.88,222.4,204.1,81.3,0.276,7,0.0433,0.0445,65
ckmk_d_ict_f_n_403602,94.18,210.2,192.0,70.2,0.312,9,0.0393,0.0454,70
ckmk_d_ict_f_n_404683,115.98,247.3,186.9,75.1,0.097,0,0.0477,0.0345,65
ckmk_d_ict_f_n_404684,116.36,239.3,190.2,73.2,0.132,1,0.0463,0.038,72
ckmk_d_ict_f_n_404685,116.42,254.1,200.7,82.4,0.111,0,0.0433,0.0341,65
ckmk_d_ict_f_n_404686,116.61,258.3,191.8,76.1,0.135,0,0.0487,0.0386,65
ckmk_d_ict_f_n_404687,116.76,254.9,190.6,75.5,0.126,1,0.0465,0.0398,67
ckmk_d_ict_f_n_404688,116.48,243.6,193.9,81.5,0.11,0,0.0475,0.0383,65
ckmk_d_ict_f_n_404689,116.22,241.6,197.0,81.0,0.071,0,0.054,0.0406,65
ckmk_d_ict_f_n_404690,116.22,260.2,199.3,81.3,0.065,0,0.0492,0.0353,76
ckmk_d_ict_f_n_404691,119.14,240.7,202.3,83.9,0.129,1,0.0456,0.0377,72
ckmk_d_ict_f_n_404692,116.7,236.0,189.0,73.3,0.094,0,0.0474,0.0369,62
ckmk_d_ict_f_n_404863,118.24,259.8,211.0,62.6,0.266,11,0.0438,0.0418,63
ckmk_d_ict_f_n_404864,117.58,239.8,210.9,62.7,0.264,10,0.0421,0.0401,65
ckmk_d_ict_f_n_404865,119.94,253.1,210.9,63.4,0.267,11,0.0454,0.0412,75
ckmk_d_ict_f_n_404866,114.1,272.4,214.8,61.2,0.212,10,0.0448,0.0368,75
ckmk_d_ict_f_n_404867,117.87,261.6,212.8,63.8,0.246,9,0.0446,0.0398,76
ckmk_d_ict_f_n_404868,117.26,244.1,206.1,57.3,0.271,9,0.0422,0.0393,65
ckmk_d_ict_f_n_404869,117.35,251.6,206.9,61.2,0.248,5,0.0439,0.0392,65
ckmk_d_ict_f_n_404870,116.72,246.7,206.6,60.3,0.246,8,0.0418,0.0363,75
ckmk_d_ict_f_n_404871,119.62,261.8,208.8,66.8,0.234,8,0.0429,0.0386,65
ckmk_d_ict_f_n_404872,115.72,247.8,207.5,62.5,0.262,10,0.041,0.0367,70
ckmk_d_ict_f_n_404953,119.5,248.5,237.5,62.2,0.099,0,0.0693,0.0444,72
ckmk_d_ict_f_n_404954,119.44,247.7,237.0,61.7,0.095,1,0.0628,0.0426,72
ckmk_d_ict_f_n_404955,119.1,248.9,243.0,56.4,0.071,0,0.0709,0.0449,74
ckmk_d_ict_f_n_404956,118.98,259.2,237.1,60.1,0.079,0,0.0702,0.0464,64
ckmk_d_ict_f_n_404957,116.11,250.6,236.4,56.2,0.079,0,0.0715,0.044,74
ckmk_d_ict_f_n_404958,119.18,249.7,236.1,60.7,0.084,0,0.0671,0.0458,65
ckmk_d_ict_f_n_404959,119.96,252.6,238.1,56.3,0.082,0,0.0628,0.0411,75
ckmk_d_ict_f_n_404960,119.62,259.8,237.3,59.0,0.087,1,0.0642,0.0438,65
ckmk_d_ict_f_n_404961,120.38,250.7,244.0,59.5,0.091,0,0.0695,0.046,72
ckmk_d_ict_f_n_406753,118.52,263.2,238.9,64.4,0.089,1,0.0656,0.0447,64
ckmk_d_ict_f_n_406754,119.64,264.8,242.3,63.2,0.088,0,0.0677,0.0433,76
ckmk_d_ict_f_n_406755,118.73,259.7,238.9,66.5,0.081,1,0.0662,0.0464,72
ckmk_d_ict_f_n_406756,115.78,266.9,233.7,62.3,0.071,1,0.0708,0.0449,65
ckmk_d_ict_f_n_406757,119.19,274.4,237.8,61.9,0.088,1,0.0622,0.0421,65
ckmk_d_ict_f_n_406758,116.2,272.6,238.1,58.3,0.072,0,0.0696,0.0475,73
ckmk_d_ict_f_n_406759,119.14,254.8,231.6,56.1,0.098,1,0.0658,0.0449,65
ckmk_d_ict_f_n_406760,120.38,260.2,239.0,58.7,0.107,1,0.0639,0.0439,72
ckmk_d_ict_f_n_406761,118.88,258.9,236.5,57.9,0.099,1,0.0578,0.0411,72
ckmk_d_ict_f_n_406762,118.46,271.0,235.9,51.5,0.087,0,0.0613,0.04,65
ckmk_d_ict_f_n_409203,82.3,211.4,221.7,81.8,0.276,9,0.0419,0.0424,67
ckmk_d_ict_f_n_409204,100.36,202.7,221.2,73.5,0.301,10,0.0448,0.0453,75
ckmk_d_ict_f_n_409205,87.32,221.3,228.8,83.5,0.248,6,0.0514,0.048,65
ckmk_d_ict_f_n_409206,79.79,188.7,219.9,79.6,0.31,5,0.0359,0.0375,65
ckmk_d_ict_f_n_409207,89.68,202.7,220.7,79.3,0.297,8,0.0441,0.0469,65
ckmk_d_ict_f_n_409208,85.03,218.7,225.5,77.4,0.25,6,0.0419,0.0405,72
ckmk_d_ict_f_n_409209,87.67,190.3,216.8,68.6,0.288,7,0.0461,0.0466,75
ckmk_d_ict_f_n_409210,81.38,210.1,217.6,74.3,0.258,4,0.0414,0.0396,72
ckmk_d_ict_f_n_409211,84.42,204.7,229.9,82.0,0.288,6,0.0385,0.0386,72
ckmk_d_ict_f_n_409212,90.8,218.1,228.7,74.0,0.275,10,0.0444,0.0425,75
ckmk_d_ict_f_n_409493,86.28,210.0,228.1,84.2,0.268,4,0.044,0.0416,65
ckmk_d_ict_f_n_409494,99.15,222.1,231.2,79.0,0.248,7,0.0451,0.0421,65
ckmk_d_ict_f_n_409495,95.05,212.7,227.3,78.8,0.28,4,0.0436,0.0429,65
ckmk_d_ict_f_n_409496,96.59,229.8,236.0,80.6,0.246,7,0.0439,0.0424,72
ckmk_d_ict_f_n_409497,96.64,255.8,228.9,73.3,0.224,1,0.0465,0.0413,65
ckmk_d_ict_f_n_409498,87.35,217.7,228.9,75.9,0.26,2,0.0409,0.0391,72
ckmk_d_ict_f_n_409499,88.98,212.4,224.6,77.4,0.305,6,0.0405,0.0428,72
ckmk_d_ict_f_n_409500,90.87,244.3,213.8,65.8,0.245,6,0.0405,0.0365,65
ckmk_d_ict_f_n_409501,85.3,237.7,216.4,67.8,0.226,3,0.0494,0.044,65
ckmk_d_ict_f_n_409502,84.19,235.2,219.2,70.4,0.242,3,0.042,0.0371,72
ckmk_d_ict_f_n_410303,61.03,257.6,240.6,77.1,0.173,2,0.0522,0.0452,65
ckmk_d_ict_f_n_410304,56.92,262.5,231.4,73.1,0.17,2,0.053,0.0431,65
ckmk_d_ict_f_n_410306,59.8,280.9,238.0,73.0,0.163,1,0.0544,0.0446,72
ckmk_d_ict_f_n_410307,58.93,298.3,237.5,66.6,0.143,1,0.0551,0.0443,70
ckmk_d_ict_f_n_410308,61.82,283.4,236.6,69.0,0.171,1,0.0528,0.0435,72
ckmk_d_ict_f_n_410309,61.98,300.1,233.3,65.7,0.14,0,0.0556,0.0424,70
ckmk_d_ict_f_n_410310,67.8,290.3,231.7,59.9,0.102,0,0.057,0.0396,62
ckmk_d_ict_f_n_410311,63.76,268.2,235.5,72.4,0.179,0,0.0544,0.045,72
ckmk_d_ict_f_n_410312,55.4,272.9,236.5,62.1,0.124,1,0.0519,0.0398,65
ckmk_d_ict_f_n_410913,109.71,183.8,193.9,75.6,0.354,15,0.0338,0.0366,45
ckmk_d_ict_f_n_410914,100.66,221.7,208.9,78.5,0.273,8,0.0404,0.0424,60
ckmk_d_ict_f_n_410915,111.15,220.8,206.0,78.2,0.295,11,0.0395,0.0423,65
ckmk_d_ict_f_n_410933,103.92,242.5,219.8,76.6,0.171,1,0.0501,0.0398,65
ckmk_d_ict_f_n_410934,109.24,237.8,231.0,79.4,0.199,4,0.0576,0.0492,65
ckmk_d_ict_f_n_410935,115.74,223.4,227.0,79.4,0.175,0,0.0532,0.0463,70
ckmk_d_ict_f_n_410936,113.62,237.1,229.2,77.7,0.158,1,0.0517,0.0392,75
ckmk_d_ict_f_n_410937,100.2,208.4,226.8,75.3,0.154,0,0.053,0.0417,67
ckmk_d_ict_f_n_410938,114.68,233.9,224.4,81.8,0.158,1,0.0486,0.0413,70
ckmk_d_ict_f_n_411584,91.17,204.7,198.4,71.4,0.275,10,0.039,0.042,45
ckmk_d_ict_f_n_411585,100.35,214.6,199.6,76.1,0.27,9,0.0424,0.0441,73
ckmk_d_ict_f_n_411586,91.58,197.9,203.4,74.2,0.305,10,0.0355,0.0378,65
ckmk_d_ict_f_n_411587,114.05,225.2,207.9,74.9,0.257,10,0.0393,0.0408,65
ckmk_d_ict_f_n_411588,92.66,218.9,206.2,76.3,0.304,9,0.0396,0.0457,62
ckmk_d_ict_f_n_411589,109.98,218.8,209.9,81.9,0.281,12,0.0382,0.0393,65
ckmk_d_ict_f_n_411590,111.6,229.6,214.6,79.1,0.237,8,0.041,0.0431,65
ckmk_d_ict_f_n_411592,108.52,211.8,206.0,77.4,0.27,8,0.0419,0.0468,65
ckmk_d_ict_f_n_411643,90.46,258.7,234.5,73.3,0.146,0,0.0583,0.0452,72
ckmk_d_ict_f_n_411644,113.92,258.6,236.1,81.8,0.164,1,0.0573,0.0514,65
ckmk_d_ict_f_n_411645,107.0,259.6,237.4,80.1,0.148,0,0.053,0.0409,72
ckmk_d_ict_f_n_411963,58.98,264.5,241.3,71.0,0.172,2,0.0557,0.0423,65
ckmk_d_ict_f_n_411964,58.66,265.9,247.9,73.1,0.157,1,0.0542,0.04,72
ckmk_d_ict_f_n_411965,64.44,294.2,253.4,74.2,0.143,0,0.0593,0.0422,65
ckmk_d_ict_f_n_411966,59.32,281.2,255.5,77.1,0.114,0,0.0574,0.0385,65
ckmk_d_ict_f_n_411967,55.32,290.7,252.2,72.3,0.108,1,0.0568,0.0377,70
ckmk_d_ict_f_n_411968,53.49,262.5,237.5,71.0,0.168,0,0.0513,0.0392,52
ckmk_d_ict_f_n_411969,68.66,268.3,244.3,71.5,0.177,2,0.0556,0.0425,70
ckmk_d_ict_f_n_411970,53.22,285.2,241.4,67.7,0.14,0,0.0552,0.0388,72
ckmk_d_ict_f_n_411971,62.72,260.2,225.2,74.9,0.23,2,0.0503,0.0423,65
ckmk_d_ict_f_n_411972,56.16,277.8,240.7,72.7,0.173,3,0.0549,0.0421,65
ckmk_d_ict_f_n_417563,112.56,219.6,192.3,73.8,0.283,12,0.0405,0.0395,65
ckmk_d_ict_f_n_417564,100.13,246.3,193.9,74.6,0.215,6,0.0415,0.0379,72
ckmk_d_ict_f_n_417565,99.18,242.6,201.8,73.6,0.226,5,0.0399,0.0382,65
ckmk_d_ict_f_n_417566,98.06,234.3,204.5,74.1,0.243,5,0.0424,0.0423,72
ckmk_d_ict_f_n_417567,97.4,237.2,204.4,75.7,0.223,6,0.0436,0.0425,62
ckmk_d_ict_f_n_417569,110.94,232.0,197.1,73.6,0.252,7,0.0444,0.0446,65
ckmk_d_ict_f_n_417570,97.68,242.0,209.5,80.1,0.209,3,0.0493,0.0488,65
ckmk_d_ict_f_n_417571,97.48,238.8,209.7,78.6,0.231,4,0.048,0.0454,67
ckmk_d_ict_f_n_417572,117.4,245.8,211.0,78.5,0.215,8,0.0444,0.0427,65
ckmk_d_ict_f_n_417643,115.96,228.2,205.9,61.0,0.301,12,0.0395,0.0383,65
ckmk_d_ict_f_n_417644,111.92,218.2,206.3,63.9,0.299,8,0.042,0.0404,75
ckmk_d_ict_f_n_418173,90.7,242.8,240.7,73.9,0.168,1,0.0538,0.0421,67
ckmk_d_ict_f_n_418174,96.66,222.2,235.0,76.9,0.234,1,0.0511,0.0506,65
ckmk_d_ict_f_n_418175,80.98,240.1,229.0,77.6,0.218,2,0.0438,0.0422,64
ckmk_d_ict_f_n_418176,71.57,213.8,239.5,80.3,0.271,4,0.0419,0.0427,72
ckmk_d_ict_f_n_418177,110.03,230.7,237.3,74.7,0.237,6,0.0463,0.0429,65
ckmk_d_ict_f_n_418179,57.68,214.3,225.3,73.2,0.242,2,0.0489,0.0467,65
ckmk_d_ict_f_n_418180,114.18,219.1,205.6,86.5,0.232,2,0.0473,0.0439,64
ckmk_d_ict_f_n_418181,112.2,218.2,205.5,88.3,0.263,3,0.0485,0.05,63
ckmk_d_ict_f_n_418182,119.65,233.2,243.1,82.0,0.269,5,0.0472,0.0517,63
ckmk_d_ict_f_n_419023,114.36,245.0,230.0,83.9,0.248,4,0.046,0.0434,70
ckmk_d_ict_f_n_419024,99.27,197.0,230.6,82.4,0.306,9,0.0528,0.0575,65
ckmk_d_ict_f_n_419025,116.64,218.6,237.5,86.7,0.266,8,0.0462,0.0427,65
ckmk_d_ict_f_n_419026,101.96,214.8,234.2,77.8,0.253,3,0.0459,0.0429,63
ckmk_d_ict_f_n_419027,99.78,204.4,227.6,84.6,0.275,3,0.0452,0.0465,64
ckmk_d_ict_f_n_419028,100.34,238.6,240.7,76.2,0.25,3,0.0531,0.047,67
ckmk_d_ict_f_n_419030,115.05,254.0,232.4,81.2,0.23,3,0.0486,0.0447,70
ckmk_d_ict_f_n_419031,107.56,197.5,216.1,68.6,0.315,7,0.0398,0.0442,72
ckmk_d_ict_f_n_419032,101.23,230.0,230.4,77.4,0.262,4,0.0456,0.0437,65
ckmk_d_ict_f_n_431433,100.25,293.3,225.4,66.4,0.151,3,0.0537,0.0405,72
ckmk_d_ict_f_n_431434,93.92,318.1,230.2,66.4,0.111,3,0.058,0.0398,72
ckmk_d_ict_f_n_431435,97.04,307.3,223.4,63.7,0.144,4,0.0557,0.0396,75
ckmk_d_ict_f_n_431436,99.64,311.3,229.1,67.3,0.116,2,0.0615,0.045,83
ckmk_d_ict_f_n_431437,97.06,302.3,222.3,66.0,0.13,3,0.0627,0.045,75
ckmk_d_ict_f_n_431438,95.48,314.8,231.8,67.4,0.114,2,0.0621,0.0448,76
ckmk_d_ict_f_n_431440,103.15,319.3,232.8,63.3,0.126,2,0.0648,0.0475,72
ckmk_d_ict_f_n_431441,99.02,311.5,223.5,66.6,0.116,1,0.06,0.0435,75
ckmk_d_ict_f_n_431442,105.26,314.6,226.6,64.7,0.106,0,0.0648,0.0449,75
ckmk_d_ict_f_n_431673,93.77,301.4,225.3,64.4,0.143,3,0.0561,0.0424,75
ckmk_d_ict_f_n_431674,95.18,300.1,223.5,63.8,0.132,3,0.0554,0.0411,72
ckmk_d_ict_f_n_431675,100.52,309.2,227.4,62.8,0.119,2,0.0624,0.0452,72
ckmk_d_ict_f_n_431676,97.82,320.8,229.0,61.6,0.111,0,0.0635,0.047,75
ckmk_d_ict_f_n_431677,97.14,313.2,228.0,64.6,0.111,2,0.0657,0.0453,75
ckmk_d_ict_f_n_431679,107.04,318.9,226.7,59.7,0.103,1,0.063,0.0444,73
ckmk_d_ict_f_n_431680,96.26,293.0,226.4,63.7,0.138,2,0.0583,0.0453,70
ckmk_d_ict_f_n_431681,94.26,296.6,223.8,58.4,0.127,2,0.0623,0.0485,65
ckmk_d_ict_f_n_431682,114.7,303.9,234.1,66.3,0.127,2,0.0665,0.0493,65
ckmk_d_ict_f_n_434143,117.4,254.0,208.7,70.4,0.289,9,0.0401,0.0377,65
ckmk_d_ict_f_n_434144,118.07,248.0,201.6,58.2,0.274,10,0.0425,0.0378,72
ckmk_d_ict_f_n_434145,118.56,238.4,202.6,68.8,0.296,12,0.0366,0.0334,70
ckmk_d_ict_f_n_434146,118.62,253.4,204.0,64.2,0.256,10,0.0415,0.0345,76
ckmk_d_ict_f_n_436713,98.57,198.4,183.8,59.0,0.284,6,0.0486,0.0464,72
ckmk_d_ict_f_n_436714,99.42,215.4,197.9,67.1,0.287,10,0.0439,0.043,60
ckmk_d_ict_f_n_436715,101.85,223.9,189.0,60.1,0.268,11,0.0446,0.0431,47
ckmk_d_ict_f_n_436716,111.61,214.0,190.6,65.2,0.284,11,0.0432,0.0425,60
ckmk_d_ict_f_n_436717,110.05,227.9,191.2,61.8,0.28,10,0.0485,0.0494,64
ckmk_d_ict_f_n_436718,90.38,216.4,183.9,55.7,0.256,6,0.0472,0.0456,65
ckmk_d_ict_f_n_436719,98.41,209.1,188.9,59.5,0.297,12,0.043,0.0444,65
ckmk_d_ict_f_n_436720,109.36,208.5,183.8,60.5,0.293,11,0.0414,0.0432,73
ckmk_d_ict_f_n_436721,106.84,233.1,194.0,62.0,0.242,7,0.0508,0.0455,55
ckmk_d_ict_f_n_436722,118.46,204.6,184.7,59.7,0.332,17,0.0386,0.0433,60
ckmk_d_ict_f_n_486113,100.42,151.2,217.3,67.8,0.302,6,0.0446,0.047,64
ckmk_d_ict_f_n_486114,59.24,165.1,218.6,67.7,0.236,3,0.0419,0.0368,70
ckmk_d_ict_f_n_486115,119.38,157.3,204.4,72.9,0.312,8,0.0443,0.0451,65
ckmk_d_ict_f_n_486116,104.89,151.6,212.0,78.6,0.264,6,0.0455,0.043,65
ckmk_d_ict_f_n_486117,99.84,148.4,202.7,79.3,0.292,5,0.042,0.0418,65
ckmk_d_ict_f_n_486273,105.43,180.4,213.1,64.9,0.267,5,0.0515,0.0513,62
ckmk_d_ict_f_n_486323,60.67,151.3,208.4,71.7,0.266,1,0.0405,0.0383,65
